mean_edge_confidence,x_direction_fraction,mode,epsilon,mapping,case_id,family,psnr_db,ssim
0.1447024466087219,0.9454933449074074,BASELINE,NA,grid_aligned_source_coord=output_index/1.5,SKI-HORSE-A,silhouette_edge,25.527893109034224,0.9654761921763128
0.1447024466087219,0.9454933449074074,SW1,1e-06,grid_aligned_source_coord=output_index/1.5,SKI-HORSE-A,silhouette_edge,25.316313057053748,0.9625240381357066
0.1447024466087219,0.9454933449074074,SW1,0.0001,grid_aligned_source_coord=output_index/1.5,SKI-HORSE-A,silhouette_edge,25.316308094320313,0.9624964282182895
0.1447024466087219,0.9454933449074074,SW1,0.001,grid_aligned_source_coord=output_index/1.5,SKI-HORSE-A,silhouette_edge,25.316645125304547,0.9624618170050551
0.1447024466087219,0.9454933449074074,SW1,0.01,grid_aligned_source_coord=output_index/1.5,SKI-HORSE-A,silhouette_edge,25.32113977192269,0.962724088930111
0.1447024466087219,0.9454933449074074,SW1,0.1,grid_aligned_source_coord=output_index/1.5,SKI-HORSE-A,silhouette_edge,25.35340148415026,0.9636069350168878
0.1447024466087219,0.9454933449074074,SW2,1e-06,grid_aligned_source_coord=output_index/1.5,SKI-HORSE-A,silhouette_edge,25.158241991098528,0.9614103598018016
0.1447024466087219,0.9454933449074074,SW2,0.0001,grid_aligned_source_coord=output_index/1.5,SKI-HORSE-A,silhouette_edge,25.158220280718673,0.9613694182849774
0.1447024466087219,0.9454933449074074,SW2,0.001,grid_aligned_source_coord=output_index/1.5,SKI-HORSE-A,silhouette_edge,25.158355039288626,0.961229585079414
0.1447024466087219,0.9454933449074074,SW2,0.01,grid_aligned_source_coord=output_index/1.5,SKI-HORSE-A,silhouette_edge,25.162443221007212,0.961213287694748
0.1447024466087219,0.9454933449074074,SW2,0.1,grid_aligned_source_coord=output_index/1.5,SKI-HORSE-A,silhouette_edge,25.202493851303363,0.9618841128028173
0.1447024466087219,0.9454933449074074,SW3,1e-06,grid_aligned_source_coord=output_index/1.5,SKI-HORSE-A,silhouette_edge,25.17105239883398,0.9616570043317031
0.1447024466087219,0.9454933449074074,SW3,0.0001,grid_aligned_source_coord=output_index/1.5,SKI-HORSE-A,silhouette_edge,25.171054701879388,0.9616333707925847
0.1447024466087219,0.9454933449074074,SW3,0.001,grid_aligned_source_coord=output_index/1.5,SKI-HORSE-A,silhouette_edge,25.171271148733695,0.9615472163649109
0.1447024466087219,0.9454933449074074,SW3,0.01,grid_aligned_source_coord=output_index/1.5,SKI-HORSE-A,silhouette_edge,25.175283467905412,0.9615527104911097
0.1447024466087219,0.9454933449074074,SW3,0.1,grid_aligned_source_coord=output_index/1.5,SKI-HORSE-A,silhouette_edge,25.213680410651364,0.9621261907559662
0.133651030677126,0.9431664737654321,BASELINE,NA,grid_aligned_source_coord=output_index/1.5,SKI-HORSE-B,silhouette_edge,26.033193173671613,0.9703685682371589
0.133651030677126,0.9431664737654321,SW1,1e-06,grid_aligned_source_coord=output_index/1.5,SKI-HORSE-B,silhouette_edge,25.83076021446262,0.9679741330767951
0.133651030677126,0.9431664737654321,SW1,0.0001,grid_aligned_source_coord=output_index/1.5,SKI-HORSE-B,silhouette_edge,25.830757283455426,0.9679504518800123
0.133651030677126,0.9431664737654321,SW1,0.001,grid_aligned_source_coord=output_index/1.5,SKI-HORSE-B,silhouette_edge,25.83111624767462,0.9679208223854872
0.133651030677126,0.9431664737654321,SW1,0.01,grid_aligned_source_coord=output_index/1.5,SKI-HORSE-B,silhouette_edge,25.835647477046532,0.9681217699080363
0.133651030677126,0.9431664737654321,SW1,0.1,grid_aligned_source_coord=output_index/1.5,SKI-HORSE-B,silhouette_edge,25.867377493587462,0.9688405658849111
0.133651030677126,0.9431664737654321,SW2,1e-06,grid_aligned_source_coord=output_index/1.5,SKI-HORSE-B,silhouette_edge,25.677332709857993,0.9670263036407182
0.133651030677126,0.9431664737654321,SW2,0.0001,grid_aligned_source_coord=output_index/1.5,SKI-HORSE-B,silhouette_edge,25.67731564910439,0.9669925521371711
0.133651030677126,0.9431664737654321,SW2,0.001,grid_aligned_source_coord=output_index/1.5,SKI-HORSE-B,silhouette_edge,25.677487588955394,0.9668792764934436
0.133651030677126,0.9431664737654321,SW2,0.01,grid_aligned_source_coord=output_index/1.5,SKI-HORSE-B,silhouette_edge,25.681787529918946,0.9668658096707189
0.133651030677126,0.9431664737654321,SW2,0.1,grid_aligned_source_coord=output_index/1.5,SKI-HORSE-B,silhouette_edge,25.722784109102857,0.9674191987645498
0.133651030677126,0.9431664737654321,SW3,1e-06,grid_aligned_source_coord=output_index/1.5,SKI-HORSE-B,silhouette_edge,25.685993062124957,0.9672128702381902
0.133651030677126,0.9431664737654321,SW3,0.0001,grid_aligned_source_coord=output_index/1.5,SKI-HORSE-B,silhouette_edge,25.68599686521599,0.9671899556458756
0.133651030677126,0.9431664737654321,SW3,0.001,grid_aligned_source_coord=output_index/1.5,SKI-HORSE-B,silhouette_edge,25.686235757719366,0.9671119498928687
0.133651030677126,0.9431664737654321,SW3,0.01,grid_aligned_source_coord=output_index/1.5,SKI-HORSE-B,silhouette_edge,25.69041884775389,0.9671124437862683
0.133651030677126,0.9431664737654321,SW3,0.1,grid_aligned_source_coord=output_index/1.5,SKI-HORSE-B,silhouette_edge,25.729974666724882,0.9675952145979864
0.11425846178635042,0.9493393132716049,BASELINE,NA,grid_aligned_source_coord=output_index/1.5,SKI-HORSE-C,silhouette_edge,26.77674405039236,0.9736399307235782
0.11425846178635042,0.9493393132716049,SW1,1e-06,grid_aligned_source_coord=output_index/1.5,SKI-HORSE-C,silhouette_edge,26.573787802763466,0.9716236829677238
0.11425846178635042,0.9493393132716049,SW1,0.0001,grid_aligned_source_coord=output_index/1.5,SKI-HORSE-C,silhouette_edge,26.5737813498596,0.9716040955811648
0.11425846178635042,0.9493393132716049,SW1,0.001,grid_aligned_source_coord=output_index/1.5,SKI-HORSE-C,silhouette_edge,26.574112795956,0.9715716524734145
0.11425846178635042,0.9493393132716049,SW1,0.01,grid_aligned_source_coord=output_index/1.5,SKI-HORSE-C,silhouette_edge,26.57856101855767,0.9717237503053641
0.11425846178635042,0.9493393132716049,SW1,0.1,grid_aligned_source_coord=output_index/1.5,SKI-HORSE-C,silhouette_edge,26.60991008920834,0.9723094630916947
0.11425846178635042,0.9493393132716049,SW2,1e-06,grid_aligned_source_coord=output_index/1.5,SKI-HORSE-C,silhouette_edge,26.4190659098381,0.9707782371411416
0.11425846178635042,0.9493393132716049,SW2,0.0001,grid_aligned_source_coord=output_index/1.5,SKI-HORSE-C,silhouette_edge,26.41904727947643,0.9707481957180707
0.11425846178635042,0.9493393132716049,SW2,0.001,grid_aligned_source_coord=output_index/1.5,SKI-HORSE-C,silhouette_edge,26.419192634169292,0.9706442236905973
0.11425846178635042,0.9493393132716049,SW2,0.01,grid_aligned_source_coord=output_index/1.5,SKI-HORSE-C,silhouette_edge,26.42339076692617,0.9706157663026627
0.11425846178635042,0.9493393132716049,SW2,0.1,grid_aligned_source_coord=output_index/1.5,SKI-HORSE-C,silhouette_edge,26.46386182813167,0.9710683984129812
0.11425846178635042,0.9493393132716049,SW3,1e-06,grid_aligned_source_coord=output_index/1.5,SKI-HORSE-C,silhouette_edge,26.428001689815844,0.9709524081505022
0.11425846178635042,0.9493393132716049,SW3,0.0001,grid_aligned_source_coord=output_index/1.5,SKI-HORSE-C,silhouette_edge,26.428004021815255,0.970930013593073
0.11425846178635042,0.9493393132716049,SW3,0.001,grid_aligned_source_coord=output_index/1.5,SKI-HORSE-C,silhouette_edge,26.428222170372244,0.9708530793370608
0.11425846178635042,0.9493393132716049,SW3,0.01,grid_aligned_source_coord=output_index/1.5,SKI-HORSE-C,silhouette_edge,26.43232531507166,0.9708355699359963
0.11425846178635042,0.9493393132716049,SW3,0.1,grid_aligned_source_coord=output_index/1.5,SKI-HORSE-C,silhouette_edge,26.47131789724131,0.9712263027453183
0.7813001916918186,0.5242211612654321,BASELINE,NA,grid_aligned_source_coord=output_index/1.5,SKI-ROCKET-A,natural_edges,32.72824340882956,0.9474246162389823
0.7813001916918186,0.5242211612654321,SW1,1e-06,grid_aligned_source_coord=output_index/1.5,SKI-ROCKET-A,natural_edges,32.59892218529427,0.9462537112164666
0.7813001916918186,0.5242211612654321,SW1,0.0001,grid_aligned_source_coord=output_index/1.5,SKI-ROCKET-A,natural_edges,32.60040275715989,0.9463052460907786
0.7813001916918186,0.5242211612654321,SW1,0.001,grid_aligned_source_coord=output_index/1.5,SKI-ROCKET-A,natural_edges,32.608821288085835,0.9464063376656208
0.7813001916918186,0.5242211612654321,SW1,0.01,grid_aligned_source_coord=output_index/1.5,SKI-ROCKET-A,natural_edges,32.64223791267472,0.9467460838147929
0.7813001916918186,0.5242211612654321,SW1,0.1,grid_aligned_source_coord=output_index/1.5,SKI-ROCKET-A,natural_edges,32.695142571866185,0.9471911979197181
0.7813001916918186,0.5242211612654321,SW2,1e-06,grid_aligned_source_coord=output_index/1.5,SKI-ROCKET-A,natural_edges,32.47876674321859,0.9449312326787016
0.7813001916918186,0.5242211612654321,SW2,0.0001,grid_aligned_source_coord=output_index/1.5,SKI-ROCKET-A,natural_edges,32.48021132153611,0.9450054483039573
0.7813001916918186,0.5242211612654321,SW2,0.001,grid_aligned_source_coord=output_index/1.5,SKI-ROCKET-A,natural_edges,32.48796372283381,0.9451404685973676
0.7813001916918186,0.5242211612654321,SW2,0.01,grid_aligned_source_coord=output_index/1.5,SKI-ROCKET-A,natural_edges,32.529161317549026,0.945656702374226
0.7813001916918186,0.5242211612654321,SW2,0.1,grid_aligned_source_coord=output_index/1.5,SKI-ROCKET-A,natural_edges,32.62417728018683,0.9465198054685642
0.7813001916918186,0.5242211612654321,SW3,1e-06,grid_aligned_source_coord=output_index/1.5,SKI-ROCKET-A,natural_edges,32.5694547558672,0.94572196111376
0.7813001916918186,0.5242211612654321,SW3,0.0001,grid_aligned_source_coord=output_index/1.5,SKI-ROCKET-A,natural_edges,32.57042580155933,0.9457738443440862
0.7813001916918186,0.5242211612654321,SW3,0.001,grid_aligned_source_coord=output_index/1.5,SKI-ROCKET-A,natural_edges,32.57567908658701,0.945865553546369
0.7813001916918186,0.5242211612654321,SW3,0.01,grid_aligned_source_coord=output_index/1.5,SKI-ROCKET-A,natural_edges,32.60365392637507,0.9462128913301543
0.7813001916918186,0.5242211612654321,SW3,0.1,grid_aligned_source_coord=output_index/1.5,SKI-ROCKET-A,natural_edges,32.666303265014484,0.9467981404823401
0.7741571848576647,0.5859736689814815,BASELINE,NA,grid_aligned_source_coord=output_index/1.5,SKI-ROCKET-B,natural_edges,33.61963991647905,0.9566972934522714
0.7741571848576647,0.5859736689814815,SW1,1e-06,grid_aligned_source_coord=output_index/1.5,SKI-ROCKET-B,natural_edges,33.45265389679564,0.9555475724958256
0.7741571848576647,0.5859736689814815,SW1,0.0001,grid_aligned_source_coord=output_index/1.5,SKI-ROCKET-B,natural_edges,33.454464518064206,0.9556105905224667
0.7741571848576647,0.5859736689814815,SW1,0.001,grid_aligned_source_coord=output_index/1.5,SKI-ROCKET-B,natural_edges,33.46226942588571,0.9557232647861914
0.7741571848576647,0.5859736689814815,SW1,0.01,grid_aligned_source_coord=output_index/1.5,SKI-ROCKET-B,natural_edges,33.49207576777917,0.95599614407032
0.7741571848576647,0.5859736689814815,SW1,0.1,grid_aligned_source_coord=output_index/1.5,SKI-ROCKET-B,natural_edges,33.558312320355576,0.9564062988461174
0.7741571848576647,0.5859736689814815,SW2,1e-06,grid_aligned_source_coord=output_index/1.5,SKI-ROCKET-B,natural_edges,33.314806625215425,0.9543936751075196
0.7741571848576647,0.5859736689814815,SW2,0.0001,grid_aligned_source_coord=output_index/1.5,SKI-ROCKET-B,natural_edges,33.316472829883075,0.9544791264917917
0.7741571848576647,0.5859736689814815,SW2,0.001,grid_aligned_source_coord=output_index/1.5,SKI-ROCKET-B,natural_edges,33.323750206668834,0.9546161502506331
0.7741571848576647,0.5859736689814815,SW2,0.01,grid_aligned_source_coord=output_index/1.5,SKI-ROCKET-B,natural_edges,33.35842735040373,0.955026900378385
0.7741571848576647,0.5859736689814815,SW2,0.1,grid_aligned_source_coord=output_index/1.5,SKI-ROCKET-B,natural_edges,33.461668997397275,0.955744873905131
0.7741571848576647,0.5859736689814815,SW3,1e-06,grid_aligned_source_coord=output_index/1.5,SKI-ROCKET-B,natural_edges,33.418345377377186,0.9550071884182102
0.7741571848576647,0.5859736689814815,SW3,0.0001,grid_aligned_source_coord=output_index/1.5,SKI-ROCKET-B,natural_edges,33.41948347957012,0.9550668678456162
0.7741571848576647,0.5859736689814815,SW3,0.001,grid_aligned_source_coord=output_index/1.5,SKI-ROCKET-B,natural_edges,33.42469484375785,0.9551680497232583
0.7741571848576647,0.5859736689814815,SW3,0.01,grid_aligned_source_coord=output_index/1.5,SKI-ROCKET-B,natural_edges,33.44975816067231,0.9554844458219108
0.7741571848576647,0.5859736689814815,SW3,0.1,grid_aligned_source_coord=output_index/1.5,SKI-ROCKET-B,natural_edges,33.520757984961676,0.9560133903677356
0.7846414003124108,0.5934968171296297,BASELINE,NA,grid_aligned_source_coord=output_index/1.5,SKI-ROCKET-C,natural_edges,32.44815340665788,0.9409023577950218
0.7846414003124108,0.5934968171296297,SW1,1e-06,grid_aligned_source_coord=output_index/1.5,SKI-ROCKET-C,natural_edges,32.303378954053635,0.9393988825422279
0.7846414003124108,0.5934968171296297,SW1,0.0001,grid_aligned_source_coord=output_index/1.5,SKI-ROCKET-C,natural_edges,32.30521652956213,0.9394748486665608
0.7846414003124108,0.5934968171296297,SW1,0.001,grid_aligned_source_coord=output_index/1.5,SKI-ROCKET-C,natural_edges,32.31322395587666,0.939659590274449
0.7846414003124108,0.5934968171296297,SW1,0.01,grid_aligned_source_coord=output_index/1.5,SKI-ROCKET-C,natural_edges,32.341911302609724,0.9401002063346492
0.7846414003124108,0.5934968171296297,SW1,0.1,grid_aligned_source_coord=output_index/1.5,SKI-ROCKET-C,natural_edges,32.39879822119411,0.9406210738633755
0.7846414003124108,0.5934968171296297,SW2,1e-06,grid_aligned_source_coord=output_index/1.5,SKI-ROCKET-C,natural_edges,32.19244255000818,0.9379548648090514
0.7846414003124108,0.5934968171296297,SW2,0.0001,grid_aligned_source_coord=output_index/1.5,SKI-ROCKET-C,natural_edges,32.19412125072221,0.9380471683590447
0.7846414003124108,0.5934968171296297,SW2,0.001,grid_aligned_source_coord=output_index/1.5,SKI-ROCKET-C,natural_edges,32.20173414705638,0.9382673015431648
0.7846414003124108,0.5934968171296297,SW2,0.01,grid_aligned_source_coord=output_index/1.5,SKI-ROCKET-C,natural_edges,32.23415241413586,0.9388911985930336
0.7846414003124108,0.5934968171296297,SW2,0.1,grid_aligned_source_coord=output_index/1.5,SKI-ROCKET-C,natural_edges,32.31653418994968,0.9397903059171386
0.7846414003124108,0.5934968171296297,SW3,1e-06,grid_aligned_source_coord=output_index/1.5,SKI-ROCKET-C,natural_edges,32.25545380640001,0.9386842550825465
0.7846414003124108,0.5934968171296297,SW3,0.0001,grid_aligned_source_coord=output_index/1.5,SKI-ROCKET-C,natural_edges,32.25661018158068,0.9387495182714791
0.7846414003124108,0.5934968171296297,SW3,0.001,grid_aligned_source_coord=output_index/1.5,SKI-ROCKET-C,natural_edges,32.26177199275261,0.9389033455115748
0.7846414003124108,0.5934968171296297,SW3,0.01,grid_aligned_source_coord=output_index/1.5,SKI-ROCKET-C,natural_edges,32.28501292550401,0.9393499589497566
0.7846414003124108,0.5934968171296297,SW3,0.1,grid_aligned_source_coord=output_index/1.5,SKI-ROCKET-C,natural_edges,32.34727792169842,0.9400197117702281
0.7554932747252764,0.8304157021604939,BASELINE,NA,grid_aligned_source_coord=output_index/1.5,PTAR-GEN-DIAGONAL_LINES-A,thin_oblique_edges,16.238793720190216,0.8195822344966817
0.7554932747252764,0.8304157021604939,SW1,1e-06,grid_aligned_source_coord=output_index/1.5,PTAR-GEN-DIAGONAL_LINES-A,thin_oblique_edges,16.156157234560062,0.8150046038931479
0.7554932747252764,0.8304157021604939,SW1,0.0001,grid_aligned_source_coord=output_index/1.5,PTAR-GEN-DIAGONAL_LINES-A,thin_oblique_edges,16.15616021520039,0.8150066663313913
0.7554932747252764,0.8304157021604939,SW1,0.001,grid_aligned_source_coord=output_index/1.5,PTAR-GEN-DIAGONAL_LINES-A,thin_oblique_edges,16.156194062326602,0.8150259688627656
0.7554932747252764,0.8304157021604939,SW1,0.01,grid_aligned_source_coord=output_index/1.5,PTAR-GEN-DIAGONAL_LINES-A,thin_oblique_edges,16.15681552846717,0.8152226305815292
0.7554932747252764,0.8304157021604939,SW1,0.1,grid_aligned_source_coord=output_index/1.5,PTAR-GEN-DIAGONAL_LINES-A,thin_oblique_edges,16.166588184871756,0.8162977337993279
0.7554932747252764,0.8304157021604939,SW2,1e-06,grid_aligned_source_coord=output_index/1.5,PTAR-GEN-DIAGONAL_LINES-A,thin_oblique_edges,16.045523637787912,0.8093128125912824
0.7554932747252764,0.8304157021604939,SW2,0.0001,grid_aligned_source_coord=output_index/1.5,PTAR-GEN-DIAGONAL_LINES-A,thin_oblique_edges,16.04557044432318,0.8093163497221242
0.7554932747252764,0.8304157021604939,SW2,0.001,grid_aligned_source_coord=output_index/1.5,PTAR-GEN-DIAGONAL_LINES-A,thin_oblique_edges,16.045987081573262,0.8093471070971106
0.7554932747252764,0.8304157021604939,SW2,0.01,grid_aligned_source_coord=output_index/1.5,PTAR-GEN-DIAGONAL_LINES-A,thin_oblique_edges,16.04965864468692,0.809598041080057
0.7554932747252764,0.8304157021604939,SW2,0.1,grid_aligned_source_coord=output_index/1.5,PTAR-GEN-DIAGONAL_LINES-A,thin_oblique_edges,16.07509441977098,0.8110765987567926
0.7554932747252764,0.8304157021604939,SW3,1e-06,grid_aligned_source_coord=output_index/1.5,PTAR-GEN-DIAGONAL_LINES-A,thin_oblique_edges,16.033310647713826,0.8095068708377094
0.7554932747252764,0.8304157021604939,SW3,0.0001,grid_aligned_source_coord=output_index/1.5,PTAR-GEN-DIAGONAL_LINES-A,thin_oblique_edges,16.033358706244204,0.8095102201015903
0.7554932747252764,0.8304157021604939,SW3,0.001,grid_aligned_source_coord=output_index/1.5,PTAR-GEN-DIAGONAL_LINES-A,thin_oblique_edges,16.033788580083097,0.8095393833769551
0.7554932747252764,0.8304157021604939,SW3,0.01,grid_aligned_source_coord=output_index/1.5,PTAR-GEN-DIAGONAL_LINES-A,thin_oblique_edges,16.037733494861783,0.809782736919194
0.7554932747252764,0.8304157021604939,SW3,0.1,grid_aligned_source_coord=output_index/1.5,PTAR-GEN-DIAGONAL_LINES-A,thin_oblique_edges,16.06810839303027,0.8113469054822954
0.7554932747252764,0.8304157021604939,BASELINE,NA,grid_aligned_source_coord=output_index/1.5,PTAR-GEN-DIAGONAL_LINES-B,thin_oblique_edges,16.238793720190216,0.8195822344966817
0.7554932747252764,0.8304157021604939,SW1,1e-06,grid_aligned_source_coord=output_index/1.5,PTAR-GEN-DIAGONAL_LINES-B,thin_oblique_edges,16.156157234560062,0.8150046038931479
0.7554932747252764,0.8304157021604939,SW1,0.0001,grid_aligned_source_coord=output_index/1.5,PTAR-GEN-DIAGONAL_LINES-B,thin_oblique_edges,16.15616021520039,0.8150066663313913
0.7554932747252764,0.8304157021604939,SW1,0.001,grid_aligned_source_coord=output_index/1.5,PTAR-GEN-DIAGONAL_LINES-B,thin_oblique_edges,16.156194062326602,0.8150259688627656
0.7554932747252764,0.8304157021604939,SW1,0.01,grid_aligned_source_coord=output_index/1.5,PTAR-GEN-DIAGONAL_LINES-B,thin_oblique_edges,16.15681552846717,0.8152226305815292
0.7554932747252764,0.8304157021604939,SW1,0.1,grid_aligned_source_coord=output_index/1.5,PTAR-GEN-DIAGONAL_LINES-B,thin_oblique_edges,16.166588184871756,0.8162977337993279
0.7554932747252764,0.8304157021604939,SW2,1e-06,grid_aligned_source_coord=output_index/1.5,PTAR-GEN-DIAGONAL_LINES-B,thin_oblique_edges,16.045523637787912,0.8093128125912824
0.7554932747252764,0.8304157021604939,SW2,0.0001,grid_aligned_source_coord=output_index/1.5,PTAR-GEN-DIAGONAL_LINES-B,thin_oblique_edges,16.04557044432318,0.8093163497221242
0.7554932747252764,0.8304157021604939,SW2,0.001,grid_aligned_source_coord=output_index/1.5,PTAR-GEN-DIAGONAL_LINES-B,thin_oblique_edges,16.045987081573262,0.8093471070971106
0.7554932747252764,0.8304157021604939,SW2,0.01,grid_aligned_source_coord=output_index/1.5,PTAR-GEN-DIAGONAL_LINES-B,thin_oblique_edges,16.04965864468692,0.809598041080057
0.7554932747252764,0.8304157021604939,SW2,0.1,grid_aligned_source_coord=output_index/1.5,PTAR-GEN-DIAGONAL_LINES-B,thin_oblique_edges,16.07509441977098,0.8110765987567926
0.7554932747252764,0.8304157021604939,SW3,1e-06,grid_aligned_source_coord=output_index/1.5,PTAR-GEN-DIAGONAL_LINES-B,thin_oblique_edges,16.033310647713826,0.8095068708377094
0.7554932747252764,0.8304157021604939,SW3,0.0001,grid_aligned_source_coord=output_index/1.5,PTAR-GEN-DIAGONAL_LINES-B,thin_oblique_edges,16.033358706244204,0.8095102201015903
0.7554932747252764,0.8304157021604939,SW3,0.001,grid_aligned_source_coord=output_index/1.5,PTAR-GEN-DIAGONAL_LINES-B,thin_oblique_edges,16.033788580083097,0.8095393833769551
0.7554932747252764,0.8304157021604939,SW3,0.01,grid_aligned_source_coord=output_index/1.5,PTAR-GEN-DIAGONAL_LINES-B,thin_oblique_edges,16.037733494861783,0.809782736919194
0.7554932747252764,0.8304157021604939,SW3,0.1,grid_aligned_source_coord=output_index/1.5,PTAR-GEN-DIAGONAL_LINES-B,thin_oblique_edges,16.06810839303027,0.8113469054822954
0.7554932747252764,0.8304157021604939,BASELINE,NA,grid_aligned_source_coord=output_index/1.5,PTAR-GEN-DIAGONAL_LINES-C,thin_oblique_edges,16.238793720190216,0.8195822344966817
0.7554932747252764,0.8304157021604939,SW1,1e-06,grid_aligned_source_coord=output_index/1.5,PTAR-GEN-DIAGONAL_LINES-C,thin_oblique_edges,16.156157234560062,0.8150046038931479
0.7554932747252764,0.8304157021604939,SW1,0.0001,grid_aligned_source_coord=output_index/1.5,PTAR-GEN-DIAGONAL_LINES-C,thin_oblique_edges,16.15616021520039,0.8150066663313913
0.7554932747252764,0.8304157021604939,SW1,0.001,grid_aligned_source_coord=output_index/1.5,PTAR-GEN-DIAGONAL_LINES-C,thin_oblique_edges,16.156194062326602,0.8150259688627656
0.7554932747252764,0.8304157021604939,SW1,0.01,grid_aligned_source_coord=output_index/1.5,PTAR-GEN-DIAGONAL_LINES-C,thin_oblique_edges,16.15681552846717,0.8152226305815292
0.7554932747252764,0.8304157021604939,SW1,0.1,grid_aligned_source_coord=output_index/1.5,PTAR-GEN-DIAGONAL_LINES-C,thin_oblique_edges,16.166588184871756,0.8162977337993279
0.7554932747252764,0.8304157021604939,SW2,1e-06,grid_aligned_source_coord=output_index/1.5,PTAR-GEN-DIAGONAL_LINES-C,thin_oblique_edges,16.045523637787912,0.8093128125912824
0.7554932747252764,0.8304157021604939,SW2,0.0001,grid_aligned_source_coord=output_index/1.5,PTAR-GEN-DIAGONAL_LINES-C,thin_oblique_edges,16.04557044432318,0.8093163497221242
0.7554932747252764,0.8304157021604939,SW2,0.001,grid_aligned_source_coord=output_index/1.5,PTAR-GEN-DIAGONAL_LINES-C,thin_oblique_edges,16.045987081573262,0.8093471070971106
0.7554932747252764,0.8304157021604939,SW2,0.01,grid_aligned_source_coord=output_index/1.5,PTAR-GEN-DIAGONAL_LINES-C,thin_oblique_edges,16.04965864468692,0.809598041080057
0.7554932747252764,0.8304157021604939,SW2,0.1,grid_aligned_source_coord=output_index/1.5,PTAR-GEN-DIAGONAL_LINES-C,thin_oblique_edges,16.07509441977098,0.8110765987567926
0.7554932747252764,0.8304157021604939,SW3,1e-06,grid_aligned_source_coord=output_index/1.5,PTAR-GEN-DIAGONAL_LINES-C,thin_oblique_edges,16.033310647713826,0.8095068708377094
0.7554932747252764,0.8304157021604939,SW3,0.0001,grid_aligned_source_coord=output_index/1.5,PTAR-GEN-DIAGONAL_LINES-C,thin_oblique_edges,16.033358706244204,0.8095102201015903
0.7554932747252764,0.8304157021604939,SW3,0.001,grid_aligned_source_coord=output_index/1.5,PTAR-GEN-DIAGONAL_LINES-C,thin_oblique_edges,16.033788580083097,0.8095393833769551
0.7554932747252764,0.8304157021604939,SW3,0.01,grid_aligned_source_coord=output_index/1.5,PTAR-GEN-DIAGONAL_LINES-C,thin_oblique_edges,16.037733494861783,0.809782736919194
0.7554932747252764,0.8304157021604939,SW3,0.1,grid_aligned_source_coord=output_index/1.5,PTAR-GEN-DIAGONAL_LINES-C,thin_oblique_edges,16.06810839303027,0.8113469054822954
0.8034816841481484,0.5465374228395061,BASELINE,NA,grid_aligned_source_coord=output_index/1.5,PTAR-GEN-RINGS-A,curves_high_frequency,18.143478758062376,0.8654606810693074
0.8034816841481484,0.5465374228395061,SW1,1e-06,grid_aligned_source_coord=output_index/1.5,PTAR-GEN-RINGS-A,curves_high_frequency,17.859074066384608,0.8571185632355952
0.8034816841481484,0.5465374228395061,SW1,0.0001,grid_aligned_source_coord=output_index/1.5,PTAR-GEN-RINGS-A,curves_high_frequency,17.859104994652824,0.8571138782635505
0.8034816841481484,0.5465374228395061,SW1,0.001,grid_aligned_source_coord=output_index/1.5,PTAR-GEN-RINGS-A,curves_high_frequency,17.85954309768784,0.8570981221066941
0.8034816841481484,0.5465374228395061,SW1,0.01,grid_aligned_source_coord=output_index/1.5,PTAR-GEN-RINGS-A,curves_high_frequency,17.86526532876671,0.85724310563018
0.8034816841481484,0.5465374228395061,SW1,0.1,grid_aligned_source_coord=output_index/1.5,PTAR-GEN-RINGS-A,curves_high_frequency,17.90887419514781,0.8587821924270894
0.8034816841481484,0.5465374228395061,SW2,1e-06,grid_aligned_source_coord=output_index/1.5,PTAR-GEN-RINGS-A,curves_high_frequency,17.681796227418943,0.8509588511962424
0.8034816841481484,0.5465374228395061,SW2,0.0001,grid_aligned_source_coord=output_index/1.5,PTAR-GEN-RINGS-A,curves_high_frequency,17.68185203712153,0.8509593650515148
0.8034816841481484,0.5465374228395061,SW2,0.001,grid_aligned_source_coord=output_index/1.5,PTAR-GEN-RINGS-A,curves_high_frequency,17.682374442799787,0.8509658962965445
0.8034816841481484,0.5465374228395061,SW2,0.01,grid_aligned_source_coord=output_index/1.5,PTAR-GEN-RINGS-A,curves_high_frequency,17.688071556252613,0.8511196577190301
0.8034816841481484,0.5465374228395061,SW2,0.1,grid_aligned_source_coord=output_index/1.5,PTAR-GEN-RINGS-A,curves_high_frequency,17.736234752911336,0.8530002448884209
0.8034816841481484,0.5465374228395061,SW3,1e-06,grid_aligned_source_coord=output_index/1.5,PTAR-GEN-RINGS-A,curves_high_frequency,17.755672426548955,0.8536085980095324
0.8034816841481484,0.5465374228395061,SW3,0.0001,grid_aligned_source_coord=output_index/1.5,PTAR-GEN-RINGS-A,curves_high_frequency,17.755717015168724,0.8536086192983152
0.8034816841481484,0.5465374228395061,SW3,0.001,grid_aligned_source_coord=output_index/1.5,PTAR-GEN-RINGS-A,curves_high_frequency,17.756133233571024,0.8536106983671665
0.8034816841481484,0.5465374228395061,SW3,0.01,grid_aligned_source_coord=output_index/1.5,PTAR-GEN-RINGS-A,curves_high_frequency,17.760639512342273,0.8537092588664607
0.8034816841481484,0.5465374228395061,SW3,0.1,grid_aligned_source_coord=output_index/1.5,PTAR-GEN-RINGS-A,curves_high_frequency,17.799918529199537,0.8551792732612603
0.7929638398107038,0.5255835262345679,BASELINE,NA,grid_aligned_source_coord=output_index/1.5,PTAR-GEN-RINGS-B,curves_high_frequency,18.283854759775217,0.8702549482033533
0.7929638398107038,0.5255835262345679,SW1,1e-06,grid_aligned_source_coord=output_index/1.5,PTAR-GEN-RINGS-B,curves_high_frequency,17.9906729112938,0.8616263451794787
0.7929638398107038,0.5255835262345679,SW1,0.0001,grid_aligned_source_coord=output_index/1.5,PTAR-GEN-RINGS-B,curves_high_frequency,17.990709738237626,0.8616213872954832
0.7929638398107038,0.5255835262345679,SW1,0.001,grid_aligned_source_coord=output_index/1.5,PTAR-GEN-RINGS-B,curves_high_frequency,17.991148600354293,0.8616048331650964
0.7929638398107038,0.5255835262345679,SW1,0.01,grid_aligned_source_coord=output_index/1.5,PTAR-GEN-RINGS-B,curves_high_frequency,17.99679808335722,0.8617298482810996
0.7929638398107038,0.5255835262345679,SW1,0.1,grid_aligned_source_coord=output_index/1.5,PTAR-GEN-RINGS-B,curves_high_frequency,18.04013679467246,0.8631507620336086
0.7929638398107038,0.5255835262345679,SW2,1e-06,grid_aligned_source_coord=output_index/1.5,PTAR-GEN-RINGS-B,curves_high_frequency,17.78790208933109,0.8546328676229994
0.7929638398107038,0.5255835262345679,SW2,0.0001,grid_aligned_source_coord=output_index/1.5,PTAR-GEN-RINGS-B,curves_high_frequency,17.78796005838732,0.8546331854519916
0.7929638398107038,0.5255835262345679,SW2,0.001,grid_aligned_source_coord=output_index/1.5,PTAR-GEN-RINGS-B,curves_high_frequency,17.788489075632345,0.8546381273001655
0.7929638398107038,0.5255835262345679,SW2,0.01,grid_aligned_source_coord=output_index/1.5,PTAR-GEN-RINGS-B,curves_high_frequency,17.794259855148702,0.8547964937630699
0.7929638398107038,0.5255835262345679,SW2,0.1,grid_aligned_source_coord=output_index/1.5,PTAR-GEN-RINGS-B,curves_high_frequency,17.843937232760588,0.856635469911395
0.7929638398107038,0.5255835262345679,SW3,1e-06,grid_aligned_source_coord=output_index/1.5,PTAR-GEN-RINGS-B,curves_high_frequency,17.88238867342553,0.8579073105900914
0.7929638398107038,0.5255835262345679,SW3,0.0001,grid_aligned_source_coord=output_index/1.5,PTAR-GEN-RINGS-B,curves_high_frequency,17.882432302103627,0.8579071824832715
0.7929638398107038,0.5255835262345679,SW3,0.001,grid_aligned_source_coord=output_index/1.5,PTAR-GEN-RINGS-B,curves_high_frequency,17.882845391747075,0.8579083874674946
0.7929638398107038,0.5255835262345679,SW3,0.01,grid_aligned_source_coord=output_index/1.5,PTAR-GEN-RINGS-B,curves_high_frequency,17.88733386268756,0.8580095071469014
0.7929638398107038,0.5255835262345679,SW3,0.1,grid_aligned_source_coord=output_index/1.5,PTAR-GEN-RINGS-B,curves_high_frequency,17.927192450399303,0.8594246022551776
0.802878772761052,0.5450544945987654,BASELINE,NA,grid_aligned_source_coord=output_index/1.5,PTAR-GEN-RINGS-C,curves_high_frequency,18.13443674788826,0.8654511999108419
0.802878772761052,0.5450544945987654,SW1,1e-06,grid_aligned_source_coord=output_index/1.5,PTAR-GEN-RINGS-C,curves_high_frequency,17.84694707745684,0.8570502330923601
0.802878772761052,0.5450544945987654,SW1,0.0001,grid_aligned_source_coord=output_index/1.5,PTAR-GEN-RINGS-C,curves_high_frequency,17.84698350870697,0.857045557978137
0.802878772761052,0.5450544945987654,SW1,0.001,grid_aligned_source_coord=output_index/1.5,PTAR-GEN-RINGS-C,curves_high_frequency,17.847464434880678,0.8570300814262307
0.802878772761052,0.5450544945987654,SW1,0.01,grid_aligned_source_coord=output_index/1.5,PTAR-GEN-RINGS-C,curves_high_frequency,17.853334228033265,0.8571739366913044
0.802878772761052,0.5450544945987654,SW1,0.1,grid_aligned_source_coord=output_index/1.5,PTAR-GEN-RINGS-C,curves_high_frequency,17.897225314003048,0.8587028620202202
0.802878772761052,0.5450544945987654,SW2,1e-06,grid_aligned_source_coord=output_index/1.5,PTAR-GEN-RINGS-C,curves_high_frequency,17.670631172372488,0.8508716770472379
0.802878772761052,0.5450544945987654,SW2,0.0001,grid_aligned_source_coord=output_index/1.5,PTAR-GEN-RINGS-C,curves_high_frequency,17.67068585888041,0.8508721679924222
0.802878772761052,0.5450544945987654,SW2,0.001,grid_aligned_source_coord=output_index/1.5,PTAR-GEN-RINGS-C,curves_high_frequency,17.671204808706285,0.8508785463627739
0.802878772761052,0.5450544945987654,SW2,0.01,grid_aligned_source_coord=output_index/1.5,PTAR-GEN-RINGS-C,curves_high_frequency,17.676748496600574,0.8510268249683497
0.802878772761052,0.5450544945987654,SW2,0.1,grid_aligned_source_coord=output_index/1.5,PTAR-GEN-RINGS-C,curves_high_frequency,17.723942940056347,0.8528850435825336
0.802878772761052,0.5450544945987654,SW3,1e-06,grid_aligned_source_coord=output_index/1.5,PTAR-GEN-RINGS-C,curves_high_frequency,17.739248185823193,0.8533701164912224
0.802878772761052,0.5450544945987654,SW3,0.0001,grid_aligned_source_coord=output_index/1.5,PTAR-GEN-RINGS-C,curves_high_frequency,17.739292375452223,0.853370146558578
0.802878772761052,0.5450544945987654,SW3,0.001,grid_aligned_source_coord=output_index/1.5,PTAR-GEN-RINGS-C,curves_high_frequency,17.739704653065566,0.853371979182044
0.802878772761052,0.5450544945987654,SW3,0.01,grid_aligned_source_coord=output_index/1.5,PTAR-GEN-RINGS-C,curves_high_frequency,17.744096473058434,0.853465946836646
0.802878772761052,0.5450544945987654,SW3,0.1,grid_aligned_source_coord=output_index/1.5,PTAR-GEN-RINGS-C,curves_high_frequency,17.782684851148247,0.8549199009936191
0.3827344503558661,0.6966748649691358,BASELINE,NA,grid_aligned_source_coord=output_index/1.5,PTAR-GEN-UI_TEXT-A,ui_text,26.17506489079532,0.8919341435871041
0.3827344503558661,0.6966748649691358,SW1,1e-06,grid_aligned_source_coord=output_index/1.5,PTAR-GEN-UI_TEXT-A,ui_text,25.895928373752355,0.8841695221154784
0.3827344503558661,0.6966748649691358,SW1,0.0001,grid_aligned_source_coord=output_index/1.5,PTAR-GEN-UI_TEXT-A,ui_text,25.89627324744805,0.884165308096609
0.3827344503558661,0.6966748649691358,SW1,0.001,grid_aligned_source_coord=output_index/1.5,PTAR-GEN-UI_TEXT-A,ui_text,25.900004014499572,0.8843954116561926
0.3827344503558661,0.6966748649691358,SW1,0.01,grid_aligned_source_coord=output_index/1.5,PTAR-GEN-UI_TEXT-A,ui_text,25.92904041365479,0.8865853868516037
0.3827344503558661,0.6966748649691358,SW1,0.1,grid_aligned_source_coord=output_index/1.5,PTAR-GEN-UI_TEXT-A,ui_text,26.010376363094743,0.890175742476696
0.3827344503558661,0.6966748649691358,SW2,1e-06,grid_aligned_source_coord=output_index/1.5,PTAR-GEN-UI_TEXT-A,ui_text,25.8382433711714,0.8829987416755319
0.3827344503558661,0.6966748649691358,SW2,0.0001,grid_aligned_source_coord=output_index/1.5,PTAR-GEN-UI_TEXT-A,ui_text,25.838312233482394,0.8829996207437881
0.3827344503558661,0.6966748649691358,SW2,0.001,grid_aligned_source_coord=output_index/1.5,PTAR-GEN-UI_TEXT-A,ui_text,25.838900434513302,0.8829841606429457
0.3827344503558661,0.6966748649691358,SW2,0.01,grid_aligned_source_coord=output_index/1.5,PTAR-GEN-UI_TEXT-A,ui_text,25.85121926559062,0.8839732801531035
0.3827344503558661,0.6966748649691358,SW2,0.1,grid_aligned_source_coord=output_index/1.5,PTAR-GEN-UI_TEXT-A,ui_text,25.93538191260312,0.8888851974241442
0.3827344503558661,0.6966748649691358,SW3,1e-06,grid_aligned_source_coord=output_index/1.5,PTAR-GEN-UI_TEXT-A,ui_text,25.915784772519967,0.8862543508283984
0.3827344503558661,0.6966748649691358,SW3,0.0001,grid_aligned_source_coord=output_index/1.5,PTAR-GEN-UI_TEXT-A,ui_text,25.915833016214798,0.8862534540099515
0.3827344503558661,0.6966748649691358,SW3,0.001,grid_aligned_source_coord=output_index/1.5,PTAR-GEN-UI_TEXT-A,ui_text,25.916216820457333,0.8862212491336486
0.3827344503558661,0.6966748649691358,SW3,0.01,grid_aligned_source_coord=output_index/1.5,PTAR-GEN-UI_TEXT-A,ui_text,25.925058525515947,0.8869575926440989
0.3827344503558661,0.6966748649691358,SW3,0.1,grid_aligned_source_coord=output_index/1.5,PTAR-GEN-UI_TEXT-A,ui_text,25.981151436486456,0.8900437285564133
0.25799886783380094,0.7526041666666666,BASELINE,NA,grid_aligned_source_coord=output_index/1.5,PTAR-GEN-UI_TEXT-B,ui_text,27.737263354527144,0.9357177564390033
0.25799886783380094,0.7526041666666666,SW1,1e-06,grid_aligned_source_coord=output_index/1.5,PTAR-GEN-UI_TEXT-B,ui_text,27.33833776831107,0.9402339517874411
0.25799886783380094,0.7526041666666666,SW1,0.0001,grid_aligned_source_coord=output_index/1.5,PTAR-GEN-UI_TEXT-B,ui_text,27.33816851025305,0.9402162371373027
0.25799886783380094,0.7526041666666666,SW1,0.001,grid_aligned_source_coord=output_index/1.5,PTAR-GEN-UI_TEXT-B,ui_text,27.336601927354074,0.9400631997258632
0.25799886783380094,0.7526041666666666,SW1,0.01,grid_aligned_source_coord=output_index/1.5,PTAR-GEN-UI_TEXT-B,ui_text,27.328438727336536,0.9390002217303555
0.25799886783380094,0.7526041666666666,SW1,0.1,grid_aligned_source_coord=output_index/1.5,PTAR-GEN-UI_TEXT-B,ui_text,27.343587200546885,0.9362422169994309
0.25799886783380094,0.7526041666666666,SW2,1e-06,grid_aligned_source_coord=output_index/1.5,PTAR-GEN-UI_TEXT-B,ui_text,27.097435426981665,0.9415993685374294
0.25799886783380094,0.7526041666666666,SW2,0.0001,grid_aligned_source_coord=output_index/1.5,PTAR-GEN-UI_TEXT-B,ui_text,27.097364159272196,0.9415882978085349
0.25799886783380094,0.7526041666666666,SW2,0.001,grid_aligned_source_coord=output_index/1.5,PTAR-GEN-UI_TEXT-B,ui_text,27.09672786410448,0.9414871229746922
0.25799886783380094,0.7526041666666666,SW2,0.01,grid_aligned_source_coord=output_index/1.5,PTAR-GEN-UI_TEXT-B,ui_text,27.0917471016439,0.9406242686523655
0.25799886783380094,0.7526041666666666,SW2,0.1,grid_aligned_source_coord=output_index/1.5,PTAR-GEN-UI_TEXT-B,ui_text,27.09916420837965,0.9372133111080276
0.25799886783380094,0.7526041666666666,SW3,1e-06,grid_aligned_source_coord=output_index/1.5,PTAR-GEN-UI_TEXT-B,ui_text,27.226388238812312,0.9404514444140295
0.25799886783380094,0.7526041666666666,SW3,0.0001,grid_aligned_source_coord=output_index/1.5,PTAR-GEN-UI_TEXT-B,ui_text,27.226357496566855,0.9404447746212558
0.25799886783380094,0.7526041666666666,SW3,0.001,grid_aligned_source_coord=output_index/1.5,PTAR-GEN-UI_TEXT-B,ui_text,27.22596958422813,0.9403749636952748
0.25799886783380094,0.7526041666666666,SW3,0.01,grid_aligned_source_coord=output_index/1.5,PTAR-GEN-UI_TEXT-B,ui_text,27.22269499189568,0.9397650218429418
0.25799886783380094,0.7526041666666666,SW3,0.1,grid_aligned_source_coord=output_index/1.5,PTAR-GEN-UI_TEXT-B,ui_text,27.231347639957967,0.9372239409776629
0.4703017447415892,0.5710961612654321,BASELINE,NA,grid_aligned_source_coord=output_index/1.5,PTAR-GEN-UI_TEXT-C,ui_text,26.6929967142448,0.8884312489245385
0.4703017447415892,0.5710961612654321,SW1,1e-06,grid_aligned_source_coord=output_index/1.5,PTAR-GEN-UI_TEXT-C,ui_text,26.23732621211847,0.8806703218102635
0.4703017447415892,0.5710961612654321,SW1,0.0001,grid_aligned_source_coord=output_index/1.5,PTAR-GEN-UI_TEXT-C,ui_text,26.2376149387108,0.8806622149141919
0.4703017447415892,0.5710961612654321,SW1,0.001,grid_aligned_source_coord=output_index/1.5,PTAR-GEN-UI_TEXT-C,ui_text,26.240991792970732,0.880866390087701
0.4703017447415892,0.5710961612654321,SW1,0.01,grid_aligned_source_coord=output_index/1.5,PTAR-GEN-UI_TEXT-C,ui_text,26.269132202120616,0.8829571750592752
0.4703017447415892,0.5710961612654321,SW1,0.1,grid_aligned_source_coord=output_index/1.5,PTAR-GEN-UI_TEXT-C,ui_text,26.3558498489689,0.8862684979059905
0.4703017447415892,0.5710961612654321,SW2,1e-06,grid_aligned_source_coord=output_index/1.5,PTAR-GEN-UI_TEXT-C,ui_text,26.04518009332207,0.878974849550421
0.4703017447415892,0.5710961612654321,SW2,0.0001,grid_aligned_source_coord=output_index/1.5,PTAR-GEN-UI_TEXT-C,ui_text,26.045235546969145,0.878974288213719
0.4703017447415892,0.5710961612654321,SW2,0.001,grid_aligned_source_coord=output_index/1.5,PTAR-GEN-UI_TEXT-C,ui_text,26.04569574025145,0.8789406488064521
0.4703017447415892,0.5710961612654321,SW2,0.01,grid_aligned_source_coord=output_index/1.5,PTAR-GEN-UI_TEXT-C,ui_text,26.057635770155457,0.8798588752286797
0.4703017447415892,0.5710961612654321,SW2,0.1,grid_aligned_source_coord=output_index/1.5,PTAR-GEN-UI_TEXT-C,ui_text,26.150479625654754,0.8845378309991441
0.4703017447415892,0.5710961612654321,SW3,1e-06,grid_aligned_source_coord=output_index/1.5,PTAR-GEN-UI_TEXT-C,ui_text,26.005780187829785,0.8790058537605288
0.4703017447415892,0.5710961612654321,SW3,0.0001,grid_aligned_source_coord=output_index/1.5,PTAR-GEN-UI_TEXT-C,ui_text,26.00584285291708,0.8790022280546436
0.4703017447415892,0.5710961612654321,SW3,0.001,grid_aligned_source_coord=output_index/1.5,PTAR-GEN-UI_TEXT-C,ui_text,26.006290243610103,0.8789393255137671
0.4703017447415892,0.5710961612654321,SW3,0.01,grid_aligned_source_coord=output_index/1.5,PTAR-GEN-UI_TEXT-C,ui_text,26.017006822128145,0.8795114670383907
0.4703017447415892,0.5710961612654321,SW3,0.1,grid_aligned_source_coord=output_index/1.5,PTAR-GEN-UI_TEXT-C,ui_text,26.11004718597265,0.883834360233822
