case_id,series,variant,width,height,psnr_db,ssim,reference_sha256,output_sha256
SKI-BRICK-A,texture,EDGE_NG_V03_K185,288,288,35.041310470517175,0.9715799470886335,9e01889693731c74f3201d538397b907ff495bbb38c7d1c8807010df01448b56,42e5064e420945cc7c7673e3555baa9781bc8a3de77302255dfac95d1a2c3024
SKI-BRICK-B,texture,EDGE_NG_V03_K185,288,288,35.18127964262647,0.9724243544231054,ff8a549b57220d4f83a9d75488acdf5c932ffc18af46b1c95dc5008f44e938e2,2f1cf2d90be156a1e4d9663d21046a5952b0b387b258c3e72390eaff59ea668e
SKI-BRICK-C,texture,EDGE_NG_V03_K185,288,288,35.97888203359522,0.9743453027819834,b0ba3037a26bdaf9362ad7eb38c9189e309734dc6af4679fa249e2863892fc6b,124ccc8c39e8240e2fa31ddde0bb2f1e36413bddeab24c1db26ceb7c25fd9e6e
SKI-CAMERA-A,natural_gray,EDGE_NG_V03_K185,288,288,33.41406625525056,0.9677573680118913,2da152b083d5a6829b8e410eeb4a8155af5f3f8778ecfd2da258f1b59bd08763,36902cca72898db1339b07d898daf9fcd2c90ada41b51b0bc3e945baba6ae547
SKI-CAMERA-B,natural_gray,EDGE_NG_V03_K185,288,288,30.799019109136726,0.9147002448434188,4488ca63535eab04e9edd7fffc116247f978125b7acbd8eb57bb30aec9a52b6e,5bfd4a7cffe2810310bc42829330a32febf282583bc572c06789efd36a53b497
SKI-CAMERA-C,natural_gray,EDGE_NG_V03_K185,288,288,29.136552835895237,0.8441974131297192,02ba7be501fc9cc35f9f8bbe2951f4e60f0251dc7b2c2ec15357ccdf6661f008,a3e4e5ad00746eaa3f22399530ada011c1b61fd8aa0e06e5c1ca5f14360462c6
SKI-GRASS-A,foliage_texture,EDGE_NG_V03_K185,288,288,26.493930939819066,0.8984279226760545,bc6fa6e10a951f2570d07e0c12ef6e7854fa4df95ca3adc5d7545a83b14b2afe,d84e86a2c2e722e10991563bd8de357a0a651c963bc7569389800a848946b281
SKI-GRASS-B,foliage_texture,EDGE_NG_V03_K185,288,288,25.754431605512256,0.8872857651081106,a1183cf4e008365a462e4d6938f71f55221ca397bdd8236c8ccada0aa61e9e09,e0111961c46dae9ae150d0fff2f5d60bf7d042026e5f11e4e7e8ab8ac8720b48
SKI-GRASS-C,foliage_texture,EDGE_NG_V03_K185,288,288,24.544014001212297,0.8684306114470912,0e10ded595e20b5b715c4297635e0ce2b93fbff4d43e9fa60d1c97bda4a7ada4,a6a4dfa2fda930d513b960efa601853d6e1aa7417c41a6096b09ffe269b11433
SKI-GRAVEL-A,repeated_texture,EDGE_NG_V03_K185,288,288,29.828496817550803,0.9378249395976943,6bbbd22f39f5d32dc661b27525475b064566f513509f29e8d93ca572c981e06d,8a0281591cf837d92ef966d1b7af994d2e1778eaae5525dd4c194fde81e7624f
SKI-GRAVEL-B,repeated_texture,EDGE_NG_V03_K185,288,288,29.87197065923244,0.9376017954574855,f82e95acf24cc5c2be1f66869539daabdf76986e65e6af625b838a22f71b87b3,eda95dbe16e0bd99545020e53a04102be98bd97e2b7807e4cec80db67ebb8f98
SKI-GRAVEL-C,repeated_texture,EDGE_NG_V03_K185,288,288,29.669274277839076,0.9375108816649006,f385b9f8752da161170b8ae4c1489a4bdf527665166cbc3755bbb76b193fcd38,7dcbc733cafc323781c9870692c25d763bd23a77339298b8acf8dfe1a7e810e7
SKI-HORSE-A,silhouette_edge,EDGE_NG_V03_K185,288,288,26.343431219068584,0.9715008002295469,b5064ee60e5f01df1a780d2c0829a6bbd2c74315f356ebcefa67315f3f93b207,2cef8c7761b23c268b0a433b2c6e84152fb1e0e57c045e5fab3faa0394de5b3f
SKI-HORSE-B,silhouette_edge,EDGE_NG_V03_K185,288,288,26.956423447225554,0.9758751253630967,d6cc86a5cfff04c45be9e20aca3546a08ee35a64b2ebe9b5030e67d22f9e6124,2fbabf8fe1bb830126a3b66d70b379cff4f1ca339d3068e6792ca36a66a445c2
SKI-HORSE-C,silhouette_edge,EDGE_NG_V03_K185,288,288,27.53629154775294,0.9780466899524106,4bd1dca8a2c172b1ce405ae4f7f65c65e290c7e92d31e9251a081d445e44a441,7e2a28e9ca643fced51db893b2d97346e2b21d24cb08580830e5fa1e47190697
SKI-HUBBLE_DEEP_FIELD-A,mixed_frequency,EDGE_NG_V03_K185,288,288,33.72862068808943,0.8918710586019127,e761deb24a3c6cf021450085ab5f3d42bdbef064e3f12f9f04fbaf02bb415f04,9671a2b83c7d16ae49fc03d785966cd12e69bb8ed31c2271775043532d915636
SKI-HUBBLE_DEEP_FIELD-B,mixed_frequency,EDGE_NG_V03_K185,288,288,34.286133932553085,0.8953712868262397,8b808cc69df8b19d6b9b1c4bc824a724403894ab3f7d2d407a468a0c08ca5084,de93274e5049206e70293a3ddb3f2742b2182f12802fb31ccac372f12dabb8a5
SKI-HUBBLE_DEEP_FIELD-C,mixed_frequency,EDGE_NG_V03_K185,288,288,34.018977219182034,0.8947891729349884,ac44f044c26c6a93190d1c1e888071432a9024b15f029e86c5ecf03f8886d0ad,55f4b1f8abacb1944e1785aa25ea8e9c14a8853ab37267a59389269357bd39d1
SKI-RETINA-A,natural_scientific,EDGE_NG_V03_K185,288,288,47.807399968447506,0.9925157390379894,1ce0151eb640eaff76d67aa533831e81377435f45908c4ae20b40b4285bc9309,989896fd3661d42d55b81a1ee4853148e8a78d938c9515dfcf6c66ec09df8451
SKI-RETINA-B,natural_scientific,EDGE_NG_V03_K185,288,288,51.95626840908902,0.9941082645448174,d7501e9e03d26be20b715e146f4b09516f3e7d2e45e8f2b3915815eeca729378,91c1bbeb12a85bf52732bcd86a141af4d5106cd36dc73c9353de58b81d83de41
SKI-RETINA-C,natural_scientific,EDGE_NG_V03_K185,288,288,48.92228097831617,0.9939977958151998,f8b554b87b202637307fd49106398a98ab8c256e02a69344e557a41f43c3a457,068acd622e1375343bc0459768b3e09bb4df6fa95d28aa42060f22fa644028dd
SKI-ROCKET-A,natural_edges,EDGE_NG_V03_K185,288,288,32.746928114831576,0.9489902413113583,d345aa2bc92280d4a8bb975b359dd2039816e8bb6df8334e33910697eceec0aa,08b436e29913cfa857b7bed05a1fbdf630d5aae217f50e7ecf6491e4a6314801
SKI-ROCKET-B,natural_edges,EDGE_NG_V03_K185,288,288,33.686121579620064,0.9575236578926486,59a538fd6b408b22d7f585e32acf97081ceeecf427e6f6b033b98ca6175da7e8,10697e25dce388e9e7059740e2240b5d776ff27b31d3c8300c797c6f79c8fcc8
SKI-ROCKET-C,natural_edges,EDGE_NG_V03_K185,288,288,32.730499286900795,0.9445751159064871,fa3c7ffcb4aa1b8047e7e3a1c81c9ba956d41894049aa8e924e2e760dfa9ec1e,93ed0ff8cdefa422bf4b13fee623a7ad63a998652cc521a11fdff02eaf53b9d6
PTAR-GEN-CHECKER-A,raster_repeated,EDGE_NG_V03_K185,288,288,20.439505863022994,0.8825003176815766,7e9ab821d043df927455328fc5b844062126fa6b863241a00852fab23d7f7033,c5d7400c6432954cbb369c60d9ee5d6f2d32ba37e47b7940842c032547e73c6e
PTAR-GEN-CHECKER-B,raster_repeated,EDGE_NG_V03_K185,288,288,20.741909779999634,0.8839632635832902,67b5654944772bdc82780b207d8967bdc577ec37e0d53ddcfbb12b3b203c4121,1804809a53a0fc6674aa306605286c81ee16b716cb14d3ef4e35ac9456ef543e
PTAR-GEN-CHECKER-C,raster_repeated,EDGE_NG_V03_K185,288,288,20.440166933839663,0.882993295026993,7909869aec7ab26d40068660b80ffb0a7ab3304bec300bcee400dd709c4c8ef1,ba39236c45dcdf477db70b825f6fa7b5a0f57c860b97c3a9c0a8992a000aed70
PTAR-GEN-DIAGONAL_LINES-A,thin_oblique_edges,EDGE_NG_V03_K185,288,288,17.04166516857777,0.8562241406175964,1d58fd5ec24516d0a0496dbc1aff41e030cb1a503841729e5eeaca3dbefdd252,54e37d74643b4b007b6ab48fb36118d4e428dfcff955c4d7efb2e20a17a1ba42
PTAR-GEN-DIAGONAL_LINES-B,thin_oblique_edges,EDGE_NG_V03_K185,288,288,17.04166516857777,0.8562241406175964,1d58fd5ec24516d0a0496dbc1aff41e030cb1a503841729e5eeaca3dbefdd252,54e37d74643b4b007b6ab48fb36118d4e428dfcff955c4d7efb2e20a17a1ba42
PTAR-GEN-DIAGONAL_LINES-C,thin_oblique_edges,EDGE_NG_V03_K185,288,288,17.04166516857777,0.8562241406175964,1d58fd5ec24516d0a0496dbc1aff41e030cb1a503841729e5eeaca3dbefdd252,54e37d74643b4b007b6ab48fb36118d4e428dfcff955c4d7efb2e20a17a1ba42
PTAR-GEN-RINGS-A,curves_high_frequency,EDGE_NG_V03_K185,288,288,19.0968637145022,0.890479453034847,e1a1b4267416cd576ab1877b838354a0125119415c652b83af471e5a3a9cc08e,9dd887076796fea3f98f1910ec3a439ada7fad410c171f9a1b2498ce06bcb9d6
PTAR-GEN-RINGS-B,curves_high_frequency,EDGE_NG_V03_K185,288,288,19.150698723012614,0.8932794526643378,f84a6228e91192e99be5211dd19e3458ff3ad4d82c7fd86e0578760881a62596,c773c64737074611a537435a9ab2852f32fa8f052bbb481fef806819bbaf69bc
PTAR-GEN-RINGS-C,curves_high_frequency,EDGE_NG_V03_K185,288,288,19.080482998888396,0.8905162583663068,63d46647fe5156cd776f07dc9523f28b64f416124bb56fffb7d9eadc57ca09b4,15c5b8a9a5f8590b7909ec75a562ef6e9e648f6f7084de93ddf16f53163555bc
PTAR-GEN-PIXELART-A,pixel_art,EDGE_NG_V03_K185,288,288,24.19535044354014,0.9232251612663661,55edf955d4554be06ca25086ac2a611b036198d0a4c4412aac84440cc4095e4f,897357f88ff022f0ebdfcba056d0a076b6f95095ed1486418f26af097dbf73ca
PTAR-GEN-PIXELART-B,pixel_art,EDGE_NG_V03_K185,288,288,23.73979235962743,0.9171956428683946,7dd88472f168e5a442a5d7ac2e9ddca2a08df371a3762e16a18848a05ad4e39f,a6cc7a14204db27def429520be11a731368c8133a050ef47087c8af2102a481b
PTAR-GEN-PIXELART-C,pixel_art,EDGE_NG_V03_K185,288,288,28.133898137555782,0.9387908207383576,2d0f435a4125d8ac5670c5a6419721186ef7a965552339ff65f14f876be2fa3d,9d705b3194281e33795caf8bedf032371163c03611a82295d1dde5fb47f644fc
PTAR-GEN-UI_TEXT-A,ui_text,EDGE_NG_V03_K185,288,288,26.98415416785448,0.9106074266144156,9a736cacf2503f7bc50b84bcc9cfc4aa4fdb24315ec57d6ed3dfe493ace7bf3b,8e123898e624c8d23b654a5a2ffa4b0c2932acb0d44d2243577fa6ef4cc3e66f
PTAR-GEN-UI_TEXT-B,ui_text,EDGE_NG_V03_K185,288,288,28.497567363270985,0.9140198848311645,c9db40a930d8acef0a2abda50641e235cc139c40ad0cc5610cba5f991c486fa7,55865339f88f9f0004f5ef770c5d50501884231c6f6fca68679e089b8e12b2cf
PTAR-GEN-UI_TEXT-C,ui_text,EDGE_NG_V03_K185,288,288,28.196718793796137,0.907647286465706,64c5bb3cc13d9987790a27df78e75a4b43c858192ca34bf5f15ebe88861fe37c,4bbfcdd0df7d000ec2d01cd22536f65223010797d365a98ef8b097dcaad5cdd7
PTAR-GEN-FREQUENCY_MIX-A,mixed_frequency_synthetic,EDGE_NG_V03_K185,288,288,32.75578931211797,0.9795103615614691,308c3aef4975d416c22ba35bb6c0d132367741bd2b58614dc72e71ab419decc6,57b852899c318dda2b18a7ae3f9fdef05ebd1a14f6aa304f703f54c2ef32c22a
PTAR-GEN-FREQUENCY_MIX-B,mixed_frequency_synthetic,EDGE_NG_V03_K185,288,288,32.74374783597932,0.9794970415721371,dc88cb991a3eba8045e205508b8a620b49ef2a648f14364706fcb51152276304,b641080aa0f63d8526d0aa0c5d21588108d31bde576825ccd4903cb54883fd45
PTAR-GEN-FREQUENCY_MIX-C,mixed_frequency_synthetic,EDGE_NG_V03_K185,288,288,32.72580983318606,0.9794931536740205,cd7f716001409b99fb42d7a7de73c8a913a064884d33e9e80b12f5993c1181d7,f3803c9c1a4412f048b38eeb8f569cf1ef1136fbc44e638f0db57d8fad19017d
