triad,order0,order1,order2,lab31g_ms,lab32b_ms,k185_ms,lab31g_minus_lab32b_ms,lab32b_faster
0,LAB31G,LAB32B,K185,0.495072000,0.492896000,0.497952000,0.002176000,1
1,LAB31G,K185,LAB32B,0.493696000,0.497088000,0.500832000,-0.003392000,0
2,LAB32B,LAB31G,K185,0.494112000,0.495328000,0.497728000,-0.001216000,0
3,LAB32B,K185,LAB31G,0.496512000,0.497120000,0.497024000,-0.000608000,0
4,K185,LAB31G,LAB32B,0.493952000,0.491968000,0.495744000,0.001984000,1
5,K185,LAB32B,LAB31G,0.495552000,0.495264000,0.498752000,0.000288000,1
6,LAB31G,LAB32B,K185,0.495264000,0.496160000,0.501376000,-0.000896000,0
7,LAB31G,K185,LAB32B,0.496064000,0.495520000,0.497920000,0.000544000,1
8,LAB32B,LAB31G,K185,0.492960000,0.492448000,0.496704000,0.000512000,1
9,LAB32B,K185,LAB31G,0.495712000,0.495296000,0.498528000,0.000416000,1
10,K185,LAB31G,LAB32B,0.495424000,0.495680000,0.497664000,-0.000256000,0
11,K185,LAB32B,LAB31G,0.493600000,0.492512000,0.497056000,0.001088000,1
12,LAB31G,LAB32B,K185,0.495584000,0.495040000,0.498784000,0.000544000,1
13,LAB31G,K185,LAB32B,0.495584000,0.495008000,0.499040000,0.000576000,1
14,LAB32B,LAB31G,K185,0.494784000,0.494016000,0.497248000,0.000768000,1
15,LAB32B,K185,LAB31G,0.494528000,0.494208000,0.498560000,0.000320000,1
16,K185,LAB31G,LAB32B,0.495104000,0.494848000,0.497952000,0.000256000,1
17,K185,LAB32B,LAB31G,0.495232000,0.494752000,0.497344000,0.000480000,1
18,LAB31G,LAB32B,K185,0.496096000,0.495232000,0.497600000,0.000864000,1
19,LAB31G,K185,LAB32B,0.494528000,0.495680000,0.497920000,-0.001152000,0
20,LAB32B,LAB31G,K185,0.493504000,0.495040000,0.497088000,-0.001536000,0
21,LAB32B,K185,LAB31G,0.495008000,0.495232000,0.498112000,-0.000224000,0
22,K185,LAB31G,LAB32B,0.494944000,0.495264000,0.498144000,-0.000320000,0
23,K185,LAB32B,LAB31G,0.496192000,0.495552000,0.497248000,0.000640000,1
24,LAB31G,LAB32B,K185,0.494816000,0.493984000,0.497760000,0.000832000,1
25,LAB31G,K185,LAB32B,0.495872000,0.496576000,0.499456000,-0.000704000,0
26,LAB32B,LAB31G,K185,0.496256000,0.495584000,0.496800000,0.000672000,1
27,LAB32B,K185,LAB31G,0.496000000,0.495776000,0.497600000,0.000224000,1
28,K185,LAB31G,LAB32B,0.495616000,0.496768000,0.499232000,-0.001152000,0
29,K185,LAB32B,LAB31G,0.493920000,0.495104000,0.497376000,-0.001184000,0
30,LAB31G,LAB32B,K185,0.495040000,0.495328000,0.497056000,-0.000288000,0
31,LAB31G,K185,LAB32B,0.496288000,0.495776000,0.500576000,0.000512000,1
32,LAB32B,LAB31G,K185,0.495488000,0.495552000,0.497664000,-0.000064000,0
33,LAB32B,K185,LAB31G,0.496096000,0.496000000,0.497248000,0.000096000,1
34,K185,LAB31G,LAB32B,0.494336000,0.494592000,0.496960000,-0.000256000,0
35,K185,LAB32B,LAB31G,0.494464000,0.494240000,0.497984000,0.000224000,1
36,LAB31G,LAB32B,K185,0.494720000,0.495296000,0.497760000,-0.000576000,0
37,LAB31G,K185,LAB32B,0.495264000,0.495584000,0.498592000,-0.000320000,0
38,LAB32B,LAB31G,K185,0.494816000,0.495008000,0.499040000,-0.000192000,0
39,LAB32B,K185,LAB31G,0.494976000,0.494656000,0.496928000,0.000320000,1
40,K185,LAB31G,LAB32B,0.495424000,0.495040000,0.498048000,0.000384000,1
41,K185,LAB32B,LAB31G,0.495936000,0.495008000,0.497120000,0.000928000,1
42,LAB31G,LAB32B,K185,0.493888000,0.495552000,0.498336000,-0.001664000,0
43,LAB31G,K185,LAB32B,0.495936000,0.495040000,0.497440000,0.000896000,1
44,LAB32B,LAB31G,K185,0.495584000,0.494976000,0.497920000,0.000608000,1
45,LAB32B,K185,LAB31G,0.494784000,0.495008000,0.498240000,-0.000224000,0
46,K185,LAB31G,LAB32B,0.494656000,0.494336000,0.497248000,0.000320000,1
47,K185,LAB32B,LAB31G,0.495264000,0.495264000,0.498336000,0.000000000,0
48,LAB31G,LAB32B,K185,0.494304000,0.494752000,0.498016000,-0.000448000,0
49,LAB31G,K185,LAB32B,0.495552000,0.495328000,0.497248000,0.000224000,1
50,LAB32B,LAB31G,K185,0.495584000,0.494848000,0.497664000,0.000736000,1
51,LAB32B,K185,LAB31G,0.494688000,0.494944000,0.497952000,-0.000256000,0
52,K185,LAB31G,LAB32B,0.495104000,0.495456000,0.498272000,-0.000352000,0
53,K185,LAB32B,LAB31G,0.495520000,0.494816000,0.499104000,0.000704000,1
54,LAB31G,LAB32B,K185,0.495264000,0.495456000,0.497696000,-0.000192000,0
55,LAB31G,K185,LAB32B,0.494624000,0.494976000,0.498176000,-0.000352000,0
56,LAB32B,LAB31G,K185,0.494720000,0.495200000,0.497696000,-0.000480000,0
57,LAB32B,K185,LAB31G,0.495008000,0.495264000,0.497984000,-0.000256000,0
58,K185,LAB31G,LAB32B,0.495520000,0.495104000,0.496864000,0.000416000,1
59,K185,LAB32B,LAB31G,0.495200000,0.495232000,0.498592000,-0.000032000,0
60,LAB31G,LAB32B,K185,0.494528000,0.493952000,0.498208000,0.000576000,1
61,LAB31G,K185,LAB32B,0.495040000,0.495104000,0.497504000,-0.000064000,0
62,LAB32B,LAB31G,K185,0.494816000,0.495200000,0.497440000,-0.000384000,0
63,LAB32B,K185,LAB31G,0.495296000,0.495136000,0.496832000,0.000160000,1
64,K185,LAB31G,LAB32B,0.495648000,0.495424000,0.498016000,0.000224000,1
65,K185,LAB32B,LAB31G,0.494304000,0.495104000,0.498560000,-0.000800000,0
66,LAB31G,LAB32B,K185,0.495040000,0.494528000,0.497728000,0.000512000,1
67,LAB31G,K185,LAB32B,0.494816000,0.494816000,0.498144000,0.000000000,0
68,LAB32B,LAB31G,K185,0.494848000,0.494880000,0.497472000,-0.000032000,0
69,LAB32B,K185,LAB31G,0.494880000,0.495040000,0.498208000,-0.000160000,0
70,K185,LAB31G,LAB32B,0.495488000,0.495168000,0.497312000,0.000320000,1
71,K185,LAB32B,LAB31G,0.495616000,0.495392000,0.498848000,0.000224000,1
72,LAB31G,LAB32B,K185,0.495200000,0.495264000,0.498240000,-0.000064000,0
73,LAB31G,K185,LAB32B,0.495104000,0.495360000,0.498400000,-0.000256000,0
74,LAB32B,LAB31G,K185,0.495680000,0.495392000,0.497216000,0.000288000,1
75,LAB32B,K185,LAB31G,0.495200000,0.495264000,0.498464000,-0.000064000,0
76,K185,LAB31G,LAB32B,0.494816000,0.494816000,0.498752000,0.000000000,0
77,K185,LAB32B,LAB31G,0.494752000,0.495040000,0.497344000,-0.000288000,0
78,LAB31G,LAB32B,K185,0.495008000,0.495104000,0.497504000,-0.000096000,0
79,LAB31G,K185,LAB32B,0.494848000,0.495136000,0.498688000,-0.000288000,0
80,LAB32B,LAB31G,K185,0.495328000,0.495136000,0.497504000,0.000192000,1
81,LAB32B,K185,LAB31G,0.495040000,0.495040000,0.497472000,0.000000000,0
82,K185,LAB31G,LAB32B,0.495104000,0.495232000,0.498496000,-0.000128000,0
83,K185,LAB32B,LAB31G,0.495008000,0.494848000,0.497344000,0.000160000,1
84,LAB31G,LAB32B,K185,0.495200000,0.494976000,0.497600000,0.000224000,1
85,LAB31G,K185,LAB32B,0.495008000,0.495008000,0.497600000,0.000000000,0
86,LAB32B,LAB31G,K185,0.495200000,0.495104000,0.497504000,0.000096000,1
87,LAB32B,K185,LAB31G,0.494816000,0.494976000,0.497536000,-0.000160000,0
88,K185,LAB31G,LAB32B,0.495072000,0.495104000,0.498496000,-0.000032000,0
89,K185,LAB32B,LAB31G,0.495072000,0.494976000,0.497408000,0.000096000,1
90,LAB31G,LAB32B,K185,0.495072000,0.495008000,0.497568000,0.000064000,1
91,LAB31G,K185,LAB32B,0.494976000,0.495264000,0.498624000,-0.000288000,0
92,LAB32B,LAB31G,K185,0.494976000,0.495072000,0.497504000,-0.000096000,0
93,LAB32B,K185,LAB31G,0.495232000,0.495104000,0.497440000,0.000128000,1
94,K185,LAB31G,LAB32B,0.495136000,0.495040000,0.497472000,0.000096000,1
95,K185,LAB32B,LAB31G,0.495104000,0.495200000,0.498432000,-0.000096000,0
96,LAB31G,LAB32B,K185,0.495168000,0.495008000,0.497568000,0.000160000,1
97,LAB31G,K185,LAB32B,0.495104000,0.495232000,0.498528000,-0.000128000,0
98,LAB32B,LAB31G,K185,0.495232000,0.495136000,0.497536000,0.000096000,1
99,LAB32B,K185,LAB31G,0.495168000,0.495200000,0.497632000,-0.000032000,0
100,K185,LAB31G,LAB32B,0.495136000,0.495168000,0.498336000,-0.000032000,0
101,K185,LAB32B,LAB31G,0.495136000,0.495200000,0.497504000,-0.000064000,0
102,LAB31G,LAB32B,K185,0.495072000,0.495104000,0.497600000,-0.000032000,0
103,LAB31G,K185,LAB32B,0.495104000,0.495264000,0.498592000,-0.000160000,0
104,LAB32B,LAB31G,K185,0.495136000,0.495136000,0.497568000,0.000000000,0
105,LAB32B,K185,LAB31G,0.495136000,0.495168000,0.497536000,-0.000032000,0
106,K185,LAB31G,LAB32B,0.495168000,0.495136000,0.498464000,0.000032000,1
107,K185,LAB32B,LAB31G,0.495232000,0.495104000,0.497536000,0.000128000,1
108,LAB31G,LAB32B,K185,0.495136000,0.495104000,0.497536000,0.000032000,1
109,LAB31G,K185,LAB32B,0.495136000,0.495200000,0.498592000,-0.000064000,0
110,LAB32B,LAB31G,K185,0.495136000,0.495136000,0.497504000,0.000000000,0
111,LAB32B,K185,LAB31G,0.495168000,0.495168000,0.497568000,0.000000000,0
112,K185,LAB31G,LAB32B,0.495168000,0.495168000,0.498560000,0.000000000,0
113,K185,LAB32B,LAB31G,0.495168000,0.495136000,0.497568000,0.000032000,1
114,LAB31G,LAB32B,K185,0.495168000,0.495104000,0.497536000,0.000064000,1
115,LAB31G,K185,LAB32B,0.495168000,0.495200000,0.498560000,-0.000032000,0
116,LAB32B,LAB31G,K185,0.495168000,0.495136000,0.497536000,0.000032000,1
117,LAB32B,K185,LAB31G,0.495168000,0.495168000,0.497568000,0.000000000,0
118,K185,LAB31G,LAB32B,0.495136000,0.495136000,0.498560000,0.000000000,0
119,K185,LAB32B,LAB31G,0.495136000,0.495168000,0.497568000,-0.000032000,0
120,LAB31G,LAB32B,K185,0.495168000,0.495168000,0.497568000,0.000000000,0
121,LAB31G,K185,LAB32B,0.495200000,0.495200000,0.498592000,0.000000000,0
122,LAB32B,LAB31G,K185,0.495200000,0.495136000,0.497568000,0.000064000,1
123,LAB32B,K185,LAB31G,0.495200000,0.495200000,0.497568000,0.000000000,0
124,K185,LAB31G,LAB32B,0.495200000,0.495168000,0.498560000,0.000032000,1
125,K185,LAB32B,LAB31G,0.495168000,0.495168000,0.497536000,0.000000000,0
126,LAB31G,LAB32B,K185,0.495200000,0.495168000,0.497536000,0.000032000,1
127,LAB31G,K185,LAB32B,0.495168000,0.495200000,0.498592000,-0.000032000,0
128,LAB32B,LAB31G,K185,0.495200000,0.495168000,0.497536000,0.000032000,1
129,LAB32B,K185,LAB31G,0.495200000,0.495168000,0.497536000,0.000032000,1
130,K185,LAB31G,LAB32B,0.495168000,0.495168000,0.498560000,0.000000000,0
131,K185,LAB32B,LAB31G,0.495200000,0.495200000,0.497568000,0.000000000,0
132,LAB31G,LAB32B,K185,0.495200000,0.495168000,0.497536000,0.000032000,1
133,LAB31G,K185,LAB32B,0.495200000,0.495200000,0.498592000,0.000000000,0
134,LAB32B,LAB31G,K185,0.495200000,0.495200000,0.497536000,0.000000000,0
135,LAB32B,K185,LAB31G,0.495200000,0.495200000,0.497536000,0.000000000,0
136,K185,LAB31G,LAB32B,0.495200000,0.495200000,0.498592000,0.000000000,0
137,K185,LAB32B,LAB31G,0.495200000,0.495200000,0.497568000,0.000000000,0
138,LAB31G,LAB32B,K185,0.495232000,0.495168000,0.497536000,0.000064000,1
139,LAB31G,K185,LAB32B,0.495200000,0.495200000,0.498592000,0.000000000,0
140,LAB32B,LAB31G,K185,0.495200000,0.495200000,0.497536000,0.000000000,0
141,LAB32B,K185,LAB31G,0.495200000,0.495200000,0.497536000,0.000000000,0
142,K185,LAB31G,LAB32B,0.495232000,0.495200000,0.498560000,0.000032000,1
143,K185,LAB32B,LAB31G,0.495200000,0.495200000,0.497568000,0.000000000,0
144,LAB31G,LAB32B,K185,0.495200000,0.495168000,0.497568000,0.000032000,1
145,LAB31G,K185,LAB32B,0.495200000,0.495232000,0.498592000,-0.000032000,0
146,LAB32B,LAB31G,K185,0.495232000,0.495200000,0.497536000,0.000032000,1
147,LAB32B,K185,LAB31G,0.495200000,0.495200000,0.497536000,0.000000000,0
148,K185,LAB31G,LAB32B,0.495200000,0.495200000,0.498560000,0.000000000,0
149,K185,LAB32B,LAB31G,0.495200000,0.495200000,0.497568000,0.000000000,0
150,LAB31G,LAB32B,K185,0.498816000,0.497472000,0.501504000,0.001344000,1
151,LAB31G,K185,LAB32B,0.497792000,0.498176000,0.500768000,-0.000384000,0
152,LAB32B,LAB31G,K185,0.498464000,0.493952000,0.497248000,0.004512000,1
153,LAB32B,K185,LAB31G,0.496544000,0.493664000,0.497376000,0.002880000,1
154,K185,LAB31G,LAB32B,0.496640000,0.497728000,0.499232000,-0.001088000,0
155,K185,LAB32B,LAB31G,0.493120000,0.498432000,0.501248000,-0.005312000,0
156,LAB31G,LAB32B,K185,0.494912000,0.495680000,0.501824000,-0.000768000,0
157,LAB31G,K185,LAB32B,0.495232000,0.496288000,0.501440000,-0.001056000,0
158,LAB32B,LAB31G,K185,0.498944000,0.494688000,0.694400000,0.004256000,1
159,LAB32B,K185,LAB31G,0.761888000,0.758144000,0.701280000,0.003744000,1
160,K185,LAB31G,LAB32B,0.756832000,0.762432000,0.703136000,-0.005600000,0
161,K185,LAB32B,LAB31G,0.756544000,0.749504000,0.698624000,0.007040000,1
162,LAB31G,LAB32B,K185,0.757504000,0.754720000,0.705440000,0.002784000,1
163,LAB31G,K185,LAB32B,0.760288000,0.751168000,0.694976000,0.009120000,1
164,LAB32B,LAB31G,K185,0.758080000,0.766784000,0.701216000,-0.008704000,0
165,LAB32B,K185,LAB31G,0.751936000,0.759520000,0.703552000,-0.007584000,0
166,K185,LAB31G,LAB32B,0.757888000,0.752640000,0.704480000,0.005248000,1
167,K185,LAB32B,LAB31G,0.755200000,0.754112000,0.699264000,0.001088000,1
168,LAB31G,LAB32B,K185,0.757312000,0.753440000,0.703360000,0.003872000,1
169,LAB31G,K185,LAB32B,0.759104000,0.756896000,0.698976000,0.002208000,1
170,LAB32B,LAB31G,K185,0.756416000,0.752608000,0.704800000,0.003808000,1
171,LAB32B,K185,LAB31G,0.761984000,0.755616000,0.701408000,0.006368000,1
172,K185,LAB31G,LAB32B,0.756032000,0.754336000,0.700672000,0.001696000,1
173,K185,LAB32B,LAB31G,0.756800000,0.754048000,0.702016000,0.002752000,1
174,LAB31G,LAB32B,K185,0.754240000,0.750112000,0.700576000,0.004128000,1
175,LAB31G,K185,LAB32B,0.758720000,0.753632000,0.700384000,0.005088000,1
176,LAB32B,LAB31G,K185,0.756960000,0.753696000,0.705056000,0.003264000,1
177,LAB32B,K185,LAB31G,0.753888000,0.754048000,0.698272000,-0.000160000,0
178,K185,LAB31G,LAB32B,0.757088000,0.757632000,0.700256000,-0.000544000,0
179,K185,LAB32B,LAB31G,0.755232000,0.757696000,0.699200000,-0.002464000,0
180,LAB31G,LAB32B,K185,0.756736000,0.753184000,0.701120000,0.003552000,1
181,LAB31G,K185,LAB32B,0.758400000,0.754144000,0.699264000,0.004256000,1
182,LAB32B,LAB31G,K185,0.756192000,0.752992000,0.700640000,0.003200000,1
183,LAB32B,K185,LAB31G,0.757632000,0.754784000,0.701728000,0.002848000,1
184,K185,LAB31G,LAB32B,0.754784000,0.753056000,0.701312000,0.001728000,1
185,K185,LAB32B,LAB31G,0.757216000,0.752672000,0.700160000,0.004544000,1
186,LAB31G,LAB32B,K185,0.757184000,0.754592000,0.700416000,0.002592000,1
187,LAB31G,K185,LAB32B,0.756448000,0.754112000,0.700096000,0.002336000,1
188,LAB32B,LAB31G,K185,0.757184000,0.754944000,0.700416000,0.002240000,1
189,LAB32B,K185,LAB31G,0.756704000,0.753504000,0.700864000,0.003200000,1
190,K185,LAB31G,LAB32B,0.756672000,0.753152000,0.700832000,0.003520000,1
191,K185,LAB32B,LAB31G,0.756896000,0.753504000,0.700448000,0.003392000,1
192,LAB31G,LAB32B,K185,0.756192000,0.753056000,0.700384000,0.003136000,1
193,LAB31G,K185,LAB32B,0.756576000,0.753280000,0.700448000,0.003296000,1
194,LAB32B,LAB31G,K185,0.756800000,0.753824000,0.700448000,0.002976000,1
195,LAB32B,K185,LAB31G,0.756384000,0.753152000,0.700416000,0.003232000,1
196,K185,LAB31G,LAB32B,0.756256000,0.753376000,0.700448000,0.002880000,1
197,K185,LAB32B,LAB31G,0.756864000,0.753312000,0.700416000,0.003552000,1
198,LAB31G,LAB32B,K185,0.756672000,0.753216000,0.700384000,0.003456000,1
199,LAB31G,K185,LAB32B,0.756640000,0.753344000,0.700384000,0.003296000,1
200,LAB32B,LAB31G,K185,0.756608000,0.753504000,0.700384000,0.003104000,1
201,LAB32B,K185,LAB31G,0.756896000,0.753376000,0.700448000,0.003520000,1
202,K185,LAB31G,LAB32B,0.756704000,0.753312000,0.700416000,0.003392000,1
203,K185,LAB32B,LAB31G,0.756768000,0.753504000,0.700384000,0.003264000,1
204,LAB31G,LAB32B,K185,0.756704000,0.753376000,0.700384000,0.003328000,1
205,LAB31G,K185,LAB32B,0.756704000,0.753408000,0.700416000,0.003296000,1
206,LAB32B,LAB31G,K185,0.756736000,0.753376000,0.700384000,0.003360000,1
207,LAB32B,K185,LAB31G,0.756704000,0.753376000,0.700384000,0.003328000,1
208,K185,LAB31G,LAB32B,0.756704000,0.753376000,0.700416000,0.003328000,1
209,K185,LAB32B,LAB31G,0.756704000,0.753376000,0.700416000,0.003328000,1
210,LAB31G,LAB32B,K185,0.756704000,0.753376000,0.700416000,0.003328000,1
211,LAB31G,K185,LAB32B,0.756704000,0.753376000,0.700384000,0.003328000,1
212,LAB32B,LAB31G,K185,0.756736000,0.753376000,0.700416000,0.003360000,1
213,LAB32B,K185,LAB31G,0.756704000,0.753408000,0.700384000,0.003296000,1
214,K185,LAB31G,LAB32B,0.756704000,0.753376000,0.700416000,0.003328000,1
215,K185,LAB32B,LAB31G,0.756704000,0.753376000,0.700384000,0.003328000,1
216,LAB31G,LAB32B,K185,0.756704000,0.753376000,0.700416000,0.003328000,1
217,LAB31G,K185,LAB32B,0.756704000,0.753376000,0.700384000,0.003328000,1
218,LAB32B,LAB31G,K185,0.756704000,0.753376000,0.700416000,0.003328000,1
219,LAB32B,K185,LAB31G,0.756704000,0.753376000,0.700416000,0.003328000,1
220,K185,LAB31G,LAB32B,0.756704000,0.753376000,0.700384000,0.003328000,1
221,K185,LAB32B,LAB31G,0.756704000,0.753376000,0.700416000,0.003328000,1
222,LAB31G,LAB32B,K185,0.756704000,0.753376000,0.700384000,0.003328000,1
223,LAB31G,K185,LAB32B,0.756704000,0.753376000,0.700416000,0.003328000,1
224,LAB32B,LAB31G,K185,0.756704000,0.753376000,0.700384000,0.003328000,1
225,LAB32B,K185,LAB31G,0.756704000,0.753376000,0.700384000,0.003328000,1
226,K185,LAB31G,LAB32B,0.756704000,0.753376000,0.700416000,0.003328000,1
227,K185,LAB32B,LAB31G,0.756704000,0.753376000,0.700384000,0.003328000,1
228,LAB31G,LAB32B,K185,0.756704000,0.753376000,0.700416000,0.003328000,1
229,LAB31G,K185,LAB32B,0.756704000,0.753376000,0.700384000,0.003328000,1
230,LAB32B,LAB31G,K185,0.756704000,0.753376000,0.700416000,0.003328000,1
231,LAB32B,K185,LAB31G,0.756704000,0.753376000,0.700384000,0.003328000,1
232,K185,LAB31G,LAB32B,0.756704000,0.753376000,0.700416000,0.003328000,1
233,K185,LAB32B,LAB31G,0.756704000,0.753376000,0.700384000,0.003328000,1
234,LAB31G,LAB32B,K185,0.756704000,0.753376000,0.700416000,0.003328000,1
235,LAB31G,K185,LAB32B,0.756704000,0.753376000,0.700384000,0.003328000,1
236,LAB32B,LAB31G,K185,0.756704000,0.753376000,0.700384000,0.003328000,1
237,LAB32B,K185,LAB31G,0.756704000,0.753376000,0.700416000,0.003288000,1
238,K185,LAB31G,LAB32B,0.756704000,0.753376000,0.700384000,0.003328000,1
239,K185,LAB32B,LAB31G,0.756704000,0.753376000,0.700416000,0.003328000,1
240,LAB31G,LAB32B,K185,0.758016000,0.753248000,0.700544000,0.004768000,1
241,LAB31G,K185,LAB32B,0.758432000,0.753056000,0.700704000,0.005376000,1
242,LAB32B,LAB31G,K185,0.757952000,0.753248000,0.700768000,0.004704000,1
243,LAB32B,K185,LAB31G,0.758208000,0.753248000,0.700736000,0.004960000,1
244,K185,LAB31G,LAB32B,0.758080000,0.753024000,0.700800000,0.005056000,1
245,K185,LAB32B,LAB31G,0.758304000,0.753184000,0.700800000,0.005120000,1
246,LAB31G,LAB32B,K185,0.758080000,0.753216000,0.700736000,0.004864000,1
247,LAB31G,K185,LAB32B,0.758208000,0.753184000,0.700768000,0.005024000,1
248,LAB32B,LAB31G,K185,0.758080000,0.753088000,0.700768000,0.004992000,1
249,LAB32B,K185,LAB31G,0.758176000,0.753216000,0.700704000,0.004960000,1
250,K185,LAB31G,LAB32B,0.758208000,0.753184000,0.700736000,0.005024000,1
251,K185,LAB32B,LAB31G,0.758144000,0.753056000,0.700736000,0.005088000,1
252,LAB31G,LAB32B,K185,0.758176000,0.753184000,0.700736000,0.004992000,1
253,LAB31G,K185,LAB32B,0.758176000,0.753088000,0.700736000,0.005088000,1
254,LAB32B,LAB31G,K185,0.758144000,0.753152000,0.700736000,0.004992000,1
255,LAB32B,K185,LAB31G,0.758176000,0.753184000,0.700768000,0.004992000,1
256,K185,LAB31G,LAB32B,0.758176000,0.753152000,0.700736000,0.005024000,1
257,K185,LAB32B,LAB31G,0.758144000,0.753184000,0.700736000,0.004960000,1
258,LAB31G,LAB32B,K185,0.758208000,0.753120000,0.700736000,0.005088000,1
259,LAB31G,K185,LAB32B,0.758176000,0.753184000,0.700736000,0.004992000,1
260,LAB32B,LAB31G,K185,0.758176000,0.753120000,0.700736000,0.005056000,1
261,LAB32B,K185,LAB31G,0.758176000,0.753120000,0.700736000,0.005056000,1
262,K185,LAB31G,LAB32B,0.758208000,0.753120000,0.700768000,0.005088000,1
263,K185,LAB32B,LAB31G,0.758176000,0.753152000,0.700736000,0.005024000,1
264,LAB31G,LAB32B,K185,0.758176000,0.753088000,0.700736000,0.005088000,1
265,LAB31G,K185,LAB32B,0.758176000,0.753152000,0.700736000,0.005024000,1
266,LAB32B,LAB31G,K185,0.758176000,0.753088000,0.700736000,0.005088000,1
267,LAB32B,K185,LAB31G,0.758176000,0.753120000,0.700736000,0.005056000,1
268,K185,LAB31G,LAB32B,0.758176000,0.753152000,0.700736000,0.005024000,1
269,K185,LAB32B,LAB31G,0.758176000,0.753120000,0.700736000,0.005056000,1
270,LAB31G,LAB32B,K185,0.758176000,0.753120000,0.700736000,0.005056000,1
271,LAB31G,K185,LAB32B,0.758176000,0.753120000,0.700736000,0.005056000,1
272,LAB32B,LAB31G,K185,0.758176000,0.753120000,0.700736000,0.005056000,1
273,LAB32B,K185,LAB31G,0.758176000,0.753120000,0.700736000,0.005056000,1
274,K185,LAB31G,LAB32B,0.758176000,0.753120000,0.700736000,0.005056000,1
275,K185,LAB32B,LAB31G,0.758176000,0.753120000,0.700736000,0.005056000,1
276,LAB31G,LAB32B,K185,0.758176000,0.753120000,0.700736000,0.005056000,1
277,LAB31G,K185,LAB32B,0.758176000,0.753120000,0.700736000,0.005056000,1
278,LAB32B,LAB31G,K185,0.758176000,0.753120000,0.700736000,0.005056000,1
279,LAB32B,K185,LAB31G,0.758176000,0.753120000,0.700736000,0.005056000,1
280,K185,LAB31G,LAB32B,0.758176000,0.753120000,0.700736000,0.005056000,1
281,K185,LAB32B,LAB31G,0.758176000,0.753120000,0.700736000,0.005056000,1
282,LAB31G,LAB32B,K185,0.758176000,0.753120000,0.700736000,0.005056000,1
283,LAB31G,K185,LAB32B,0.758176000,0.753120000,0.700736000,0.005056000,1
284,LAB32B,LAB31G,K185,0.758176000,0.753120000,0.700736000,0.005056000,1
285,LAB32B,K185,LAB31G,0.758176000,0.753120000,0.700736000,0.005056000,1
286,K185,LAB31G,LAB32B,0.758176000,0.753120000,0.700736000,0.005056000,1
287,K185,LAB32B,LAB31G,0.758176000,0.753120000,0.700736000,0.005056000,1
288,LAB31G,LAB32B,K185,0.758176000,0.753120000,0.700736000,0.005056000,1
289,LAB31G,K185,LAB32B,0.758176000,0.753120000,0.700736000,0.005056000,1
290,LAB32B,LAB31G,K185,0.758176000,0.753120000,0.700736000,0.005056000,1
291,LAB32B,K185,LAB31G,0.758176000,0.753120000,0.700736000,0.005056000,1
292,K185,LAB31G,LAB32B,0.758176000,0.753120000,0.700736000,0.005056000,1
293,K185,LAB32B,LAB31G,0.758176000,0.753120000,0.700736000,0.005056000,1
294,LAB31G,LAB32B,K185,0.758176000,0.753120000,0.700736000,0.005056000,1
295,LAB31G,K185,LAB32B,0.758176000,0.753120000,0.700736000,0.005056000,1
296,LAB32B,LAB31G,K185,0.758176000,0.753120000,0.700736000,0.005056000,1
297,LAB32B,K185,LAB31G,0.758176000,0.753120000,0.700736000,0.005056000,1
298,K185,LAB31G,LAB32B,0.758176000,0.753120000,0.700736000,0.005056000,1
299,K185,LAB32B,LAB31G,0.758176000,0.753120000,0.700736000,0.005056000,1
300,LAB31G,LAB32B,K185,0.760032000,0.754720000,0.701056000,0.005312000,1
301,LAB31G,K185,LAB32B,0.759840000,0.754880000,0.700928000,0.004960000,1
302,LAB32B,LAB31G,K185,0.759872000,0.754752000,0.701024000,0.005120000,1
303,LAB32B,K185,LAB31G,0.759904000,0.754912000,0.701056000,0.004992000,1
304,K185,LAB31G,LAB32B,0.759904000,0.754784000,0.701088000,0.005120000,1
305,K185,LAB32B,LAB31G,0.759936000,0.754880000,0.701056000,0.005056000,1
306,LAB31G,LAB32B,K185,0.759840000,0.754880000,0.700992000,0.004960000,1
307,LAB31G,K185,LAB32B,0.759872000,0.754848000,0.701024000,0.005024000,1
308,LAB32B,LAB31G,K185,0.759936000,0.754816000,0.701056000,0.005120000,1
309,LAB32B,K185,LAB31G,0.759872000,0.754912000,0.701024000,0.004960000,1
310,K185,LAB31G,LAB32B,0.759872000,0.754848000,0.701056000,0.005024000,1
311,K185,LAB32B,LAB31G,0.759904000,0.754816000,0.701024000,0.005088000,1
312,LAB31G,LAB32B,K185,0.759872000,0.754848000,0.701024000,0.005024000,1
313,LAB31G,K185,LAB32B,0.759904000,0.754848000,0.701024000,0.005056000,1
314,LAB32B,LAB31G,K185,0.759904000,0.754848000,0.701024000,0.005056000,1
315,LAB32B,K185,LAB31G,0.759904000,0.754848000,0.701024000,0.005056000,1
316,K185,LAB31G,LAB32B,0.759904000,0.754848000,0.701024000,0.005056000,1
317,K185,LAB32B,LAB31G,0.759904000,0.754848000,0.701024000,0.005056000,1
318,LAB31G,LAB32B,K185,0.759904000,0.754848000,0.701024000,0.005056000,1
319,LAB31G,K185,LAB32B,0.759904000,0.754848000,0.701024000,0.005056000,1
320,LAB32B,LAB31G,K185,0.759904000,0.754848000,0.701024000,0.005056000,1
321,LAB32B,K185,LAB31G,0.759904000,0.754848000,0.701024000,0.005056000,1
322,K185,LAB31G,LAB32B,0.759904000,0.754848000,0.701024000,0.005056000,1
323,K185,LAB32B,LAB31G,0.759904000,0.754848000,0.701024000,0.005056000,1
324,LAB31G,LAB32B,K185,0.759904000,0.754848000,0.701024000,0.005056000,1
325,LAB31G,K185,LAB32B,0.759904000,0.754848000,0.701024000,0.005056000,1
326,LAB32B,LAB31G,K185,0.759904000,0.754848000,0.701024000,0.005056000,1
327,LAB32B,K185,LAB31G,0.759904000,0.754848000,0.701024000,0.005056000,1
328,K185,LAB31G,LAB32B,0.759904000,0.754848000,0.701024000,0.005056000,1
329,K185,LAB32B,LAB31G,0.759904000,0.754848000,0.701024000,0.005056000,1
330,LAB31G,LAB32B,K185,0.759904000,0.754848000,0.701024000,0.005056000,1
331,LAB31G,K185,LAB32B,0.759904000,0.754848000,0.701024000,0.005056000,1
332,LAB32B,LAB31G,K185,0.759904000,0.754848000,0.701024000,0.005056000,1
333,LAB32B,K185,LAB31G,0.759904000,0.754848000,0.701024000,0.005056000,1
334,K185,LAB31G,LAB32B,0.759904000,0.754848000,0.701024000,0.005056000,1
335,K185,LAB32B,LAB31G,0.759904000,0.754848000,0.701024000,0.005056000,1
336,LAB31G,LAB32B,K185,0.759904000,0.754848000,0.701024000,0.005056000,1
337,LAB31G,K185,LAB32B,0.759904000,0.754848000,0.701024000,0.005056000,1
338,LAB32B,LAB31G,K185,0.759904000,0.754848000,0.701024000,0.005056000,1
339,LAB32B,K185,LAB31G,0.759904000,0.754848000,0.701024000,0.005056000,1
340,K185,LAB31G,LAB32B,0.759904000,0.754848000,0.701024000,0.005056000,1
341,K185,LAB32B,LAB31G,0.759904000,0.754848000,0.701024000,0.005056000,1
342,LAB31G,LAB32B,K185,0.759904000,0.754848000,0.701024000,0.005056000,1
343,LAB31G,K185,LAB32B,0.759904000,0.754848000,0.701024000,0.005056000,1
344,LAB32B,LAB31G,K185,0.759904000,0.754848000,0.701024000,0.005056000,1
345,LAB32B,K185,LAB31G,0.759904000,0.754848000,0.701024000,0.005056000,1
346,K185,LAB31G,LAB32B,0.759904000,0.754848000,0.701024000,0.005056000,1
347,K185,LAB32B,LAB31G,0.759904000,0.754848000,0.701024000,0.005056000,1
348,LAB31G,LAB32B,K185,0.759904000,0.754848000,0.701024000,0.005056000,1
349,LAB31G,K185,LAB32B,0.759904000,0.754848000,0.701024000,0.005056000,1
350,LAB32B,LAB31G,K185,0.759904000,0.754848000,0.701024000,0.005056000,1
351,LAB32B,K185,LAB31G,0.759904000,0.754848000,0.701024000,0.005056000,1
352,K185,LAB31G,LAB32B,0.759904000,0.754848000,0.701024000,0.005056000,1
353,K185,LAB32B,LAB31G,0.759904000,0.754848000,0.701024000,0.005056000,1
354,LAB31G,LAB32B,K185,0.759904000,0.754848000,0.701024000,0.005056000,1
355,LAB31G,K185,LAB32B,0.759904000,0.754848000,0.701024000,0.005056000,1
356,LAB32B,LAB31G,K185,0.759904000,0.754848000,0.701024000,0.005056000,1
357,LAB32B,K185,LAB31G,0.759904000,0.754848000,0.701024000,0.005056000,1
358,K185,LAB31G,LAB32B,0.759904000,0.754848000,0.701024000,0.005056000,1
359,K185,LAB32B,LAB31G,0.759904000,0.754848000,0.701024000,0.005056000,1
360,LAB31G,LAB32B,K185,0.758144000,0.754752000,0.701280000,0.003392000,1
361,LAB31G,K185,LAB32B,0.758144000,0.754752000,0.701344000,0.003392000,1
362,LAB32B,LAB31G,K185,0.758144000,0.754752000,0.701376000,0.003392000,1
363,LAB32B,K185,LAB31G,0.758144000,0.754752000,0.701440000,0.003392000,1
364,K185,LAB31G,LAB32B,0.758144000,0.754752000,0.701408000,0.003392000,1
365,K185,LAB32B,LAB31G,0.758144000,0.754752000,0.701344000,0.003392000,1
366,LAB31G,LAB32B,K185,0.758144000,0.754752000,0.701408000,0.003392000,1
367,LAB31G,K185,LAB32B,0.758144000,0.754752000,0.701344000,0.003392000,1
368,LAB32B,LAB31G,K185,0.758144000,0.754752000,0.701376000,0.003392000,1
369,LAB32B,K185,LAB31G,0.758144000,0.754752000,0.701344000,0.003392000,1
370,K185,LAB31G,LAB32B,0.758144000,0.754752000,0.701408000,0.003392000,1
371,K185,LAB32B,LAB31G,0.758144000,0.754752000,0.701344000,0.003392000,1
372,LAB31G,LAB32B,K185,0.758144000,0.754752000,0.701376000,0.003392000,1
373,LAB31G,K185,LAB32B,0.758144000,0.754752000,0.701344000,0.003392000,1
374,LAB32B,LAB31G,K185,0.758144000,0.754752000,0.701408000,0.003392000,1
375,LAB32B,K185,LAB31G,0.758144000,0.754752000,0.701344000,0.003392000,1
376,K185,LAB31G,LAB32B,0.758144000,0.754752000,0.701376000,0.003392000,1
377,K185,LAB32B,LAB31G,0.758144000,0.754752000,0.701344000,0.003392000,1
378,LAB31G,LAB32B,K185,0.758144000,0.754752000,0.701408000,0.003392000,1
379,LAB31G,K185,LAB32B,0.758144000,0.754752000,0.701344000,0.003392000,1
380,LAB32B,LAB31G,K185,0.758144000,0.754752000,0.701376000,0.003392000,1
381,LAB32B,K185,LAB31G,0.758144000,0.754752000,0.701344000,0.003392000,1
382,K185,LAB31G,LAB32B,0.758144000,0.754752000,0.701408000,0.003392000,1
383,K185,LAB32B,LAB31G,0.758144000,0.754752000,0.701344000,0.003392000,1
384,LAB31G,LAB32B,K185,0.758144000,0.754752000,0.701376000,0.003392000,1
385,LAB31G,K185,LAB32B,0.758144000,0.754752000,0.701344000,0.003392000,1
386,LAB32B,LAB31G,K185,0.758144000,0.754752000,0.701408000,0.003392000,1
387,LAB32B,K185,LAB31G,0.758144000,0.754752000,0.701344000,0.003392000,1
388,K185,LAB31G,LAB32B,0.758144000,0.754752000,0.701376000,0.003392000,1
389,K185,LAB32B,LAB31G,0.758144000,0.754752000,0.701344000,0.003392000,1
390,LAB31G,LAB32B,K185,0.758144000,0.754752000,0.701408000,0.003392000,1
391,LAB31G,K185,LAB32B,0.758144000,0.754752000,0.701344000,0.003392000,1
392,LAB32B,LAB31G,K185,0.758144000,0.754752000,0.701376000,0.003392000,1
393,LAB32B,K185,LAB31G,0.758144000,0.754752000,0.701344000,0.003392000,1
394,K185,LAB31G,LAB32B,0.758144000,0.754752000,0.701408000,0.003392000,1
395,K185,LAB32B,LAB31G,0.758144000,0.754752000,0.701344000,0.003392000,1
396,LAB31G,LAB32B,K185,0.758144000,0.754752000,0.701376000,0.003392000,1
397,LAB31G,K185,LAB32B,0.758144000,0.754752000,0.701344000,0.003392000,1
398,LAB32B,LAB31G,K185,0.758144000,0.754752000,0.701408000,0.003392000,1
399,LAB32B,K185,LAB31G,0.758144000,0.754752000,0.701344000,0.003392000,1
400,K185,LAB31G,LAB32B,0.758144000,0.754752000,0.701376000,0.003392000,1
401,K185,LAB32B,LAB31G,0.758144000,0.754752000,0.701344000,0.003392000,1
402,LAB31G,LAB32B,K185,0.758144000,0.754752000,0.701408000,0.003392000,1
403,LAB31G,K185,LAB32B,0.758144000,0.754752000,0.701344000,0.003392000,1
404,LAB32B,LAB31G,K185,0.758144000,0.754752000,0.701376000,0.003392000,1
405,LAB32B,K185,LAB31G,0.758144000,0.754752000,0.701344000,0.003392000,1
406,K185,LAB31G,LAB32B,0.758144000,0.754752000,0.701408000,0.003392000,1
407,K185,LAB32B,LAB31G,0.758144000,0.754752000,0.701344000,0.003392000,1
408,LAB31G,LAB32B,K185,0.758144000,0.754752000,0.701376000,0.003392000,1
409,LAB31G,K185,LAB32B,0.758144000,0.754752000,0.701344000,0.003392000,1
410,LAB32B,LAB31G,K185,0.758144000,0.754752000,0.701408000,0.003392000,1
411,LAB32B,K185,LAB31G,0.758144000,0.754752000,0.701344000,0.003392000,1
412,K185,LAB31G,LAB32B,0.758144000,0.754752000,0.701376000,0.003392000,1
413,K185,LAB32B,LAB31G,0.758144000,0.754752000,0.701344000,0.003392000,1
414,LAB31G,LAB32B,K185,0.758144000,0.754752000,0.701408000,0.003392000,1
415,LAB31G,K185,LAB32B,0.758144000,0.754752000,0.701344000,0.003392000,1
416,LAB32B,LAB31G,K185,0.758144000,0.754752000,0.701376000,0.003392000,1
417,LAB32B,K185,LAB31G,0.758144000,0.754752000,0.701344000,0.003392000,1
418,K185,LAB31G,LAB32B,0.758144000,0.754752000,0.701408000,0.003392000,1
419,K185,LAB32B,LAB31G,0.758144000,0.754752000,0.701344000,0.003392000,1
420,LAB31G,LAB32B,K185,0.757120000,0.754560000,0.700576000,0.002560000,1
421,LAB31G,K185,LAB32B,0.757152000,0.754592000,0.700640000,0.002560000,1
422,LAB32B,LAB31G,K185,0.757152000,0.754592000,0.700608000,0.002560000,1
423,LAB32B,K185,LAB31G,0.757152000,0.754592000,0.700608000,0.002560000,1
424,K185,LAB31G,LAB32B,0.757152000,0.754592000,0.700608000,0.002560000,1
425,K185,LAB32B,LAB31G,0.757152000,0.754592000,0.700608000,0.002560000,1
426,LAB31G,LAB32B,K185,0.757152000,0.754592000,0.700608000,0.002560000,1
427,LAB31G,K185,LAB32B,0.757152000,0.754592000,0.700608000,0.002560000,1
428,LAB32B,LAB31G,K185,0.757152000,0.754592000,0.700608000,0.002560000,1
429,LAB32B,K185,LAB31G,0.757152000,0.754592000,0.700608000,0.002560000,1
430,K185,LAB31G,LAB32B,0.757152000,0.754592000,0.700608000,0.002560000,1
431,K185,LAB32B,LAB31G,0.757152000,0.754592000,0.700608000,0.002560000,1
432,LAB31G,LAB32B,K185,0.757152000,0.754592000,0.700608000,0.002560000,1
433,LAB31G,K185,LAB32B,0.757152000,0.754592000,0.700608000,0.002560000,1
434,LAB32B,LAB31G,K185,0.757152000,0.754592000,0.700608000,0.002560000,1
435,LAB32B,K185,LAB31G,0.757152000,0.754592000,0.700608000,0.002560000,1
436,K185,LAB31G,LAB32B,0.757152000,0.754592000,0.700608000,0.002560000,1
437,K185,LAB32B,LAB31G,0.757152000,0.754592000,0.700608000,0.002560000,1
438,LAB31G,LAB32B,K185,0.757152000,0.754592000,0.700608000,0.002560000,1
439,LAB31G,K185,LAB32B,0.757152000,0.754592000,0.700608000,0.002560000,1
440,LAB32B,LAB31G,K185,0.757152000,0.754592000,0.700608000,0.002560000,1
441,LAB32B,K185,LAB31G,0.757152000,0.754592000,0.700608000,0.002560000,1
442,K185,LAB31G,LAB32B,0.757152000,0.754592000,0.700608000,0.002560000,1
443,K185,LAB32B,LAB31G,0.757152000,0.754592000,0.700608000,0.002560000,1
444,LAB31G,LAB32B,K185,0.757152000,0.754592000,0.700608000,0.002560000,1
445,LAB31G,K185,LAB32B,0.757152000,0.754592000,0.700608000,0.002560000,1
446,LAB32B,LAB31G,K185,0.757152000,0.754592000,0.700608000,0.002560000,1
447,LAB32B,K185,LAB31G,0.757152000,0.754592000,0.700608000,0.002560000,1
448,K185,LAB31G,LAB32B,0.757152000,0.754592000,0.700608000,0.002560000,1
449,K185,LAB32B,LAB31G,0.757152000,0.754592000,0.700608000,0.002560000,1
450,LAB31G,LAB32B,K185,0.757152000,0.754592000,0.700608000,0.002560000,1
451,LAB31G,K185,LAB32B,0.757152000,0.754592000,0.700608000,0.002560000,1
452,LAB32B,LAB31G,K185,0.757152000,0.754592000,0.700608000,0.002560000,1
453,LAB32B,K185,LAB31G,0.757152000,0.754592000,0.700608000,0.002560000,1
454,K185,LAB31G,LAB32B,0.757152000,0.754592000,0.700608000,0.002560000,1
455,K185,LAB32B,LAB31G,0.757152000,0.754592000,0.700608000,0.002560000,1
456,LAB31G,LAB32B,K185,0.757152000,0.754592000,0.700608000,0.002560000,1
457,LAB31G,K185,LAB32B,0.757152000,0.754592000,0.700608000,0.002560000,1
458,LAB32B,LAB31G,K185,0.757152000,0.754592000,0.700608000,0.002560000,1
459,LAB32B,K185,LAB31G,0.757152000,0.754592000,0.700608000,0.002560000,1
460,K185,LAB31G,LAB32B,0.757152000,0.754592000,0.700608000,0.002560000,1
461,K185,LAB32B,LAB31G,0.757152000,0.754592000,0.700608000,0.002560000,1
462,LAB31G,LAB32B,K185,0.757152000,0.754592000,0.700608000,0.002560000,1
463,LAB31G,K185,LAB32B,0.757152000,0.754592000,0.700608000,0.002560000,1
464,LAB32B,LAB31G,K185,0.757152000,0.754592000,0.700608000,0.002560000,1
465,LAB32B,K185,LAB31G,0.757152000,0.754592000,0.700608000,0.002560000,1
466,K185,LAB31G,LAB32B,0.757152000,0.754592000,0.700608000,0.002560000,1
467,K185,LAB32B,LAB31G,0.757152000,0.754592000,0.700608000,0.002560000,1
468,LAB31G,LAB32B,K185,0.757152000,0.754592000,0.700608000,0.002560000,1
469,LAB31G,K185,LAB32B,0.757152000,0.754592000,0.700608000,0.002560000,1
470,LAB32B,LAB31G,K185,0.757152000,0.754592000,0.700608000,0.002560000,1
471,LAB32B,K185,LAB31G,0.757152000,0.754592000,0.700608000,0.002560000,1
472,K185,LAB31G,LAB32B,0.757152000,0.754592000,0.700608000,0.002560000,1
473,K185,LAB32B,LAB31G,0.757152000,0.754592000,0.700608000,0.002560000,1
474,LAB31G,LAB32B,K185,0.757152000,0.754592000,0.700608000,0.002560000,1
475,LAB31G,K185,LAB32B,0.757152000,0.754592000,0.700608000,0.002560000,1
476,LAB32B,LAB31G,K185,0.757152000,0.754592000,0.700608000,0.002560000,1
477,LAB32B,K185,LAB31G,0.757152000,0.754592000,0.700608000,0.002560000,1
478,K185,LAB31G,LAB32B,0.757152000,0.754592000,0.700608000,0.002560000,1
479,K185,LAB32B,LAB31G,0.757152000,0.754592000,0.700608000,0.002560000,1
480,LAB31G,LAB32B,K185,0.759584000,0.753408000,0.701056000,0.006176000,1
481,LAB31G,K185,LAB32B,0.759488000,0.753344000,0.701024000,0.006144000,1
482,LAB32B,LAB31G,K185,0.759488000,0.753376000,0.701056000,0.006112000,1
483,LAB32B,K185,LAB31G,0.759488000,0.753344000,0.701056000,0.006144000,1
484,K185,LAB31G,LAB32B,0.759488000,0.753344000,0.701024000,0.006144000,1
485,K185,LAB32B,LAB31G,0.759488000,0.753344000,0.701056000,0.006144000,1
486,LAB31G,LAB32B,K185,0.759488000,0.753344000,0.701056000,0.006144000,1
487,LAB31G,K185,LAB32B,0.759488000,0.753344000,0.701056000,0.006144000,1
488,LAB32B,LAB31G,K185,0.759488000,0.753344000,0.701056000,0.006144000,1
489,LAB32B,K185,LAB31G,0.759488000,0.753344000,0.701056000,0.006144000,1
490,K185,LAB31G,LAB32B,0.759488000,0.753344000,0.701056000,0.006144000,1
491,K185,LAB32B,LAB31G,0.759488000,0.753344000,0.701056000,0.006144000,1
492,LAB31G,LAB32B,K185,0.759488000,0.753344000,0.701056000,0.006144000,1
493,LAB31G,K185,LAB32B,0.759488000,0.753344000,0.701056000,0.006144000,1
494,LAB32B,LAB31G,K185,0.759488000,0.753344000,0.701056000,0.006144000,1
495,LAB32B,K185,LAB31G,0.759488000,0.753344000,0.701056000,0.006144000,1
496,K185,LAB31G,LAB32B,0.759488000,0.753344000,0.701056000,0.006144000,1
497,K185,LAB32B,LAB31G,0.759488000,0.753344000,0.701056000,0.006144000,1
498,LAB31G,LAB32B,K185,0.759488000,0.753344000,0.701056000,0.006144000,1
499,LAB31G,K185,LAB32B,0.759488000,0.753344000,0.701056000,0.006144000,1
500,LAB32B,LAB31G,K185,0.759488000,0.753344000,0.701056000,0.006144000,1
501,LAB32B,K185,LAB31G,0.759488000,0.753344000,0.701056000,0.006144000,1
502,K185,LAB31G,LAB32B,0.759488000,0.753344000,0.701056000,0.006144000,1
503,K185,LAB32B,LAB31G,0.759488000,0.753344000,0.701056000,0.006144000,1
504,LAB31G,LAB32B,K185,0.759488000,0.753344000,0.701056000,0.006144000,1
505,LAB31G,K185,LAB32B,0.759488000,0.753344000,0.701056000,0.006144000,1
506,LAB32B,LAB31G,K185,0.759488000,0.753344000,0.701056000,0.006144000,1
507,LAB32B,K185,LAB31G,0.759488000,0.753344000,0.701056000,0.006144000,1
508,K185,LAB31G,LAB32B,0.759488000,0.753344000,0.701056000,0.006144000,1
509,K185,LAB32B,LAB31G,0.759488000,0.753344000,0.701056000,0.006144000,1
510,LAB31G,LAB32B,K185,0.759488000,0.753344000,0.701056000,0.006144000,1
511,LAB31G,K185,LAB32B,0.759488000,0.753344000,0.701056000,0.006144000,1
512,LAB32B,LAB31G,K185,0.759488000,0.753344000,0.701056000,0.006144000,1
513,LAB32B,K185,LAB31G,0.759488000,0.753344000,0.701056000,0.006144000,1
514,K185,LAB31G,LAB32B,0.759488000,0.753344000,0.701056000,0.006144000,1
515,K185,LAB32B,LAB31G,0.759488000,0.753344000,0.701056000,0.006144000,1
516,LAB31G,LAB32B,K185,0.759488000,0.753344000,0.701056000,0.006144000,1
517,LAB31G,K185,LAB32B,0.759488000,0.753344000,0.701056000,0.006144000,1
518,LAB32B,LAB31G,K185,0.759488000,0.753344000,0.701056000,0.006144000,1
519,LAB32B,K185,LAB31G,0.759488000,0.753344000,0.701056000,0.006144000,1
520,K185,LAB31G,LAB32B,0.759488000,0.753344000,0.701056000,0.006144000,1
521,K185,LAB32B,LAB31G,0.759488000,0.753344000,0.701056000,0.006144000,1
522,LAB31G,LAB32B,K185,0.759488000,0.753344000,0.701056000,0.006144000,1
523,LAB31G,K185,LAB32B,0.759488000,0.753344000,0.701056000,0.006144000,1
524,LAB32B,LAB31G,K185,0.759488000,0.753344000,0.701056000,0.006144000,1
525,LAB32B,K185,LAB31G,0.759488000,0.753344000,0.701056000,0.006144000,1
526,K185,LAB31G,LAB32B,0.759488000,0.753344000,0.701056000,0.006144000,1
527,K185,LAB32B,LAB31G,0.759488000,0.753344000,0.701056000,0.006144000,1
528,LAB31G,LAB32B,K185,0.759488000,0.753344000,0.701056000,0.006144000,1
529,LAB31G,K185,LAB32B,0.759488000,0.753344000,0.701056000,0.006144000,1
530,LAB32B,LAB31G,K185,0.759488000,0.753344000,0.701056000,0.006144000,1
531,LAB32B,K185,LAB31G,0.759488000,0.753344000,0.701056000,0.006144000,1
532,K185,LAB31G,LAB32B,0.759488000,0.753344000,0.701056000,0.006144000,1
533,K185,LAB32B,LAB31G,0.759488000,0.753344000,0.701056000,0.006144000,1
534,LAB31G,LAB32B,K185,0.759488000,0.753344000,0.701056000,0.006144000,1
535,LAB31G,K185,LAB32B,0.759488000,0.753344000,0.701056000,0.006144000,1
536,LAB32B,LAB31G,K185,0.759488000,0.753344000,0.701056000,0.006144000,1
537,LAB32B,K185,LAB31G,0.759488000,0.753344000,0.701056000,0.006144000,1
538,K185,LAB31G,LAB32B,0.759488000,0.753344000,0.701056000,0.006144000,1
539,K185,LAB32B,LAB31G,0.759488000,0.753344000,0.701056000,0.006144000,1
540,LAB31G,LAB32B,K185,0.758752000,0.753904000,0.700416000,0.004848000,1
541,LAB31G,K185,LAB32B,0.758752000,0.753904000,0.700384000,0.004848000,1
542,LAB32B,LAB31G,K185,0.758752000,0.753904000,0.700384000,0.004848000,1
543,LAB32B,K185,LAB31G,0.758752000,0.753904000,0.700416000,0.004848000,1
544,K185,LAB31G,LAB32B,0.758752000,0.753904000,0.700416000,0.004848000,1
545,K185,LAB32B,LAB31G,0.758752000,0.753904000,0.700416000,0.004848000,1
546,LAB31G,LAB32B,K185,0.758752000,0.753904000,0.700384000,0.004848000,1
547,LAB31G,K185,LAB32B,0.758752000,0.753904000,0.700416000,0.004848000,1
548,LAB32B,LAB31G,K185,0.758752000,0.753904000,0.700416000,0.004848000,1
549,LAB32B,K185,LAB31G,0.758752000,0.753904000,0.700384000,0.004848000,1
550,K185,LAB31G,LAB32B,0.758752000,0.753904000,0.700416000,0.004848000,1
551,K185,LAB32B,LAB31G,0.758752000,0.753904000,0.700384000,0.004848000,1
552,LAB31G,LAB32B,K185,0.758752000,0.753904000,0.700416000,0.004848000,1
553,LAB31G,K185,LAB32B,0.758752000,0.753904000,0.700416000,0.004848000,1
554,LAB32B,LAB31G,K185,0.758752000,0.753904000,0.700416000,0.004848000,1
555,LAB32B,K185,LAB31G,0.758752000,0.753904000,0.700416000,0.004848000,1
556,K185,LAB31G,LAB32B,0.758752000,0.753904000,0.700384000,0.004848000,1
557,K185,LAB32B,LAB31G,0.758752000,0.753904000,0.700416000,0.004848000,1
558,LAB31G,LAB32B,K185,0.758752000,0.753904000,0.700416000,0.004848000,1
559,LAB31G,K185,LAB32B,0.758752000,0.753904000,0.700384000,0.004848000,1
560,LAB32B,LAB31G,K185,0.758752000,0.753904000,0.700416000,0.004848000,1
561,LAB32B,K185,LAB31G,0.758752000,0.753904000,0.700416000,0.004848000,1
562,K185,LAB31G,LAB32B,0.758752000,0.753904000,0.700416000,0.004848000,1
563,K185,LAB32B,LAB31G,0.758752000,0.753904000,0.700416000,0.004848000,1
564,LAB31G,LAB32B,K185,0.758752000,0.753904000,0.700384000,0.004848000,1
565,LAB31G,K185,LAB32B,0.758752000,0.753904000,0.700416000,0.004848000,1
566,LAB32B,LAB31G,K185,0.758752000,0.753904000,0.700416000,0.004848000,1
567,LAB32B,K185,LAB31G,0.758752000,0.753904000,0.700384000,0.004848000,1
568,K185,LAB31G,LAB32B,0.758752000,0.753904000,0.700416000,0.004848000,1
569,K185,LAB32B,LAB31G,0.758752000,0.753904000,0.700384000,0.004848000,1
570,LAB31G,LAB32B,K185,0.758752000,0.753904000,0.700416000,0.004848000,1
571,LAB31G,K185,LAB32B,0.758752000,0.753904000,0.700416000,0.004848000,1
572,LAB32B,LAB31G,K185,0.758752000,0.753904000,0.700416000,0.004848000,1
573,LAB32B,K185,LAB31G,0.758752000,0.753904000,0.700384000,0.004848000,1
574,K185,LAB31G,LAB32B,0.758752000,0.753904000,0.700416000,0.004848000,1
575,K185,LAB32B,LAB31G,0.758752000,0.753904000,0.700416000,0.004848000,1
576,LAB31G,LAB32B,K185,0.758752000,0.753904000,0.700384000,0.004848000,1
577,LAB31G,K185,LAB32B,0.758752000,0.753904000,0.700416000,0.004848000,1
578,LAB32B,LAB31G,K185,0.758752000,0.753904000,0.700416000,0.004848000,1
579,LAB32B,K185,LAB31G,0.758752000,0.753904000,0.700384000,0.004848000,1
580,K185,LAB31G,LAB32B,0.758752000,0.753904000,0.700416000,0.004848000,1
581,K185,LAB32B,LAB31G,0.758752000,0.753904000,0.700416000,0.004848000,1
582,LAB31G,LAB32B,K185,0.758752000,0.753904000,0.700384000,0.004848000,1
583,LAB31G,K185,LAB32B,0.758752000,0.753904000,0.700416000,0.004848000,1
584,LAB32B,LAB31G,K185,0.758752000,0.753904000,0.700416000,0.004848000,1
585,LAB32B,K185,LAB31G,0.758752000,0.753904000,0.700384000,0.004848000,1
586,K185,LAB31G,LAB32B,0.758752000,0.753904000,0.700416000,0.004848000,1
587,K185,LAB32B,LAB31G,0.758752000,0.753904000,0.700416000,0.004848000,1
588,LAB31G,LAB32B,K185,0.758752000,0.753904000,0.700384000,0.004848000,1
589,LAB31G,K185,LAB32B,0.758752000,0.753904000,0.700416000,0.004848000,1
590,LAB32B,LAB31G,K185,0.758752000,0.753904000,0.700416000,0.004848000,1
591,LAB32B,K185,LAB31G,0.758752000,0.753904000,0.700384000,0.004848000,1
592,K185,LAB31G,LAB32B,0.758752000,0.753904000,0.700416000,0.004848000,1
593,K185,LAB32B,LAB31G,0.758752000,0.753904000,0.700416000,0.004848000,1
594,LAB31G,LAB32B,K185,0.758752000,0.753904000,0.700384000,0.004848000,1
595,LAB31G,K185,LAB32B,0.758752000,0.753904000,0.700416000,0.004848000,1
596,LAB32B,LAB31G,K185,0.758752000,0.753904000,0.700416000,0.004848000,1
597,LAB32B,K185,LAB31G,0.758752000,0.753904000,0.700384000,0.004848000,1
598,K185,LAB31G,LAB32B,0.758752000,0.753904000,0.700416000,0.004848000,1
599,K185,LAB32B,LAB31G,0.764032000,0.746848000,0.695744000,0.017184000,1
