triad,order0,order1,order2,lab31g_ms,lab32c_ms,k185_ms,lab31g_minus_lab32c_ms,lab32c_faster
0,LAB31G,LAB32C,K185,0.493824000,0.498944000,0.497888000,-0.005120000,0
1,LAB31G,K185,LAB32C,0.493984000,0.498400000,0.497056000,-0.004416000,0
2,LAB32C,LAB31G,K185,0.493408000,0.495552000,0.498112000,-0.002144000,0
3,LAB32C,K185,LAB31G,0.495456000,0.495936000,0.497472000,-0.000480000,0
4,K185,LAB31G,LAB32C,0.493088000,0.497856000,0.497504000,-0.004768000,0
5,K185,LAB32C,LAB31G,0.492800000,0.496320000,0.498112000,-0.003520000,0
6,LAB31G,LAB32C,K185,0.493824000,0.496960000,0.498112000,-0.003136000,0
7,LAB31G,K185,LAB32C,0.492224000,0.496832000,0.495488000,-0.004608000,0
8,LAB32C,LAB31G,K185,0.494080000,0.495136000,0.495584000,-0.001056000,0
9,LAB32C,K185,LAB31G,0.493152000,0.495232000,0.494976000,-0.002080000,0
10,K185,LAB31G,LAB32C,0.493056000,0.495808000,0.495648000,-0.002752000,0
11,K185,LAB32C,LAB31G,0.492896000,0.495168000,0.494432000,-0.002272000,0
12,LAB31G,LAB32C,K185,0.492448000,0.495840000,0.495136000,-0.003392000,0
13,LAB31G,K185,LAB32C,0.493344000,0.498080000,0.495456000,-0.004736000,0
14,LAB32C,LAB31G,K185,0.493184000,0.496160000,0.495680000,-0.002976000,0
15,LAB32C,K185,LAB31G,0.491744000,0.494496000,0.493888000,-0.002752000,0
16,K185,LAB31G,LAB32C,0.491776000,0.494816000,0.493664000,-0.003040000,0
17,K185,LAB32C,LAB31G,0.491616000,0.494368000,0.493824000,-0.002752000,0
18,LAB31G,LAB32C,K185,0.491520000,0.494496000,0.493600000,-0.002976000,0
19,LAB31G,K185,LAB32C,0.492128000,0.495200000,0.493792000,-0.003072000,0
20,LAB32C,LAB31G,K185,0.491552000,0.493856000,0.493536000,-0.002304000,0
21,LAB32C,K185,LAB31G,0.491488000,0.494560000,0.493760000,-0.003072000,0
22,K185,LAB31G,LAB32C,0.491520000,0.494624000,0.493824000,-0.003104000,0
23,K185,LAB32C,LAB31G,0.491360000,0.494656000,0.493952000,-0.003296000,0
24,LAB31G,LAB32C,K185,0.491520000,0.494624000,0.493568000,-0.003104000,0
25,LAB31G,K185,LAB32C,0.491424000,0.494944000,0.493888000,-0.003520000,0
26,LAB32C,LAB31G,K185,0.491648000,0.494144000,0.493856000,-0.002496000,0
27,LAB32C,K185,LAB31G,0.491392000,0.494432000,0.493696000,-0.003040000,0
28,K185,LAB31G,LAB32C,0.491520000,0.494656000,0.493888000,-0.003136000,0
29,K185,LAB32C,LAB31G,0.491392000,0.494656000,0.493984000,-0.003264000,0
30,LAB31G,LAB32C,K185,0.491520000,0.494656000,0.493600000,-0.003136000,0
31,LAB31G,K185,LAB32C,0.491392000,0.494816000,0.493984000,-0.003424000,0
32,LAB32C,LAB31G,K185,0.491584000,0.494048000,0.493824000,-0.002464000,0
33,LAB32C,K185,LAB31G,0.491424000,0.494432000,0.493760000,-0.003008000,0
34,K185,LAB31G,LAB32C,0.491520000,0.494688000,0.493920000,-0.003168000,0
35,K185,LAB32C,LAB31G,0.491424000,0.494656000,0.493984000,-0.003232000,0
36,LAB31G,LAB32C,K185,0.491552000,0.494656000,0.493600000,-0.003104000,0
37,LAB31G,K185,LAB32C,0.491392000,0.494784000,0.493984000,-0.003392000,0
38,LAB32C,LAB31G,K185,0.491552000,0.494048000,0.493792000,-0.002496000,0
39,LAB32C,K185,LAB31G,0.491392000,0.494400000,0.493760000,-0.003008000,0
40,K185,LAB31G,LAB32C,0.491520000,0.494656000,0.493920000,-0.003136000,0
41,K185,LAB32C,LAB31G,0.491392000,0.494624000,0.493984000,-0.003232000,0
42,LAB31G,LAB32C,K185,0.491552000,0.494656000,0.493600000,-0.003104000,0
43,LAB31G,K185,LAB32C,0.491392000,0.494784000,0.493984000,-0.003392000,0
44,LAB32C,LAB31G,K185,0.491552000,0.494048000,0.493824000,-0.002496000,0
45,LAB32C,K185,LAB31G,0.491392000,0.494432000,0.493760000,-0.003040000,0
46,K185,LAB31G,LAB32C,0.491520000,0.494688000,0.493920000,-0.003168000,0
47,K185,LAB32C,LAB31G,0.491392000,0.494656000,0.493984000,-0.003264000,0
48,LAB31G,LAB32C,K185,0.491552000,0.494656000,0.493600000,-0.003104000,0
49,LAB31G,K185,LAB32C,0.491392000,0.494784000,0.493984000,-0.003392000,0
50,LAB32C,LAB31G,K185,0.491552000,0.494048000,0.493792000,-0.002496000,0
51,LAB32C,K185,LAB31G,0.491392000,0.494400000,0.493760000,-0.003008000,0
52,K185,LAB31G,LAB32C,0.491520000,0.494656000,0.493920000,-0.003136000,0
53,K185,LAB32C,LAB31G,0.491392000,0.494624000,0.493984000,-0.003232000,0
54,LAB31G,LAB32C,K185,0.491552000,0.494656000,0.493600000,-0.003104000,0
55,LAB31G,K185,LAB32C,0.491392000,0.494784000,0.493984000,-0.003392000,0
56,LAB32C,LAB31G,K185,0.491552000,0.494048000,0.493824000,-0.002496000,0
57,LAB32C,K185,LAB31G,0.491392000,0.494432000,0.493760000,-0.003040000,0
58,K185,LAB31G,LAB32C,0.491520000,0.494688000,0.493920000,-0.003168000,0
59,K185,LAB32C,LAB31G,0.491392000,0.494656000,0.493984000,-0.003264000,0
60,LAB31G,LAB32C,K185,0.491552000,0.494656000,0.493600000,-0.003104000,0
61,LAB31G,K185,LAB32C,0.491392000,0.494784000,0.493984000,-0.003392000,0
62,LAB32C,LAB31G,K185,0.491552000,0.494048000,0.493824000,-0.002496000,0
63,LAB32C,K185,LAB31G,0.491392000,0.494432000,0.493760000,-0.003040000,0
64,K185,LAB31G,LAB32C,0.491520000,0.494688000,0.493920000,-0.003168000,0
65,K185,LAB32C,LAB31G,0.491392000,0.494656000,0.493984000,-0.003264000,0
66,LAB31G,LAB32C,K185,0.491552000,0.494656000,0.493600000,-0.003104000,0
67,LAB31G,K185,LAB32C,0.491392000,0.494784000,0.493984000,-0.003392000,0
68,LAB32C,LAB31G,K185,0.491552000,0.494048000,0.493824000,-0.002496000,0
69,LAB32C,K185,LAB31G,0.491392000,0.494432000,0.493760000,-0.003040000,0
70,K185,LAB31G,LAB32C,0.491520000,0.494688000,0.493920000,-0.003168000,0
71,K185,LAB32C,LAB31G,0.491392000,0.494656000,0.493984000,-0.003264000,0
72,LAB31G,LAB32C,K185,0.491552000,0.494656000,0.493600000,-0.003104000,0
73,LAB31G,K185,LAB32C,0.491392000,0.494784000,0.493984000,-0.003392000,0
74,LAB32C,LAB31G,K185,0.491552000,0.494048000,0.493824000,-0.002496000,0
75,LAB32C,K185,LAB31G,0.491392000,0.494432000,0.493760000,-0.003040000,0
76,K185,LAB31G,LAB32C,0.491520000,0.494688000,0.493920000,-0.003168000,0
77,K185,LAB32C,LAB31G,0.491392000,0.494656000,0.493984000,-0.003264000,0
78,LAB31G,LAB32C,K185,0.491552000,0.494656000,0.493600000,-0.003104000,0
79,LAB31G,K185,LAB32C,0.491392000,0.494784000,0.493984000,-0.003392000,0
80,LAB32C,LAB31G,K185,0.491552000,0.494048000,0.493824000,-0.002496000,0
81,LAB32C,K185,LAB31G,0.491392000,0.494432000,0.493760000,-0.003040000,0
82,K185,LAB31G,LAB32C,0.491520000,0.494688000,0.493920000,-0.003168000,0
83,K185,LAB32C,LAB31G,0.491392000,0.494656000,0.493984000,-0.003264000,0
84,LAB31G,LAB32C,K185,0.491552000,0.494656000,0.493600000,-0.003104000,0
85,LAB31G,K185,LAB32C,0.491392000,0.494784000,0.493984000,-0.003392000,0
86,LAB32C,LAB31G,K185,0.491552000,0.494048000,0.493824000,-0.002496000,0
87,LAB32C,K185,LAB31G,0.491392000,0.494432000,0.493760000,-0.003040000,0
88,K185,LAB31G,LAB32C,0.491520000,0.494688000,0.493920000,-0.003168000,0
89,K185,LAB32C,LAB31G,0.491392000,0.494656000,0.493984000,-0.003264000,0
90,LAB31G,LAB32C,K185,0.491552000,0.494656000,0.493600000,-0.003104000,0
91,LAB31G,K185,LAB32C,0.491392000,0.494784000,0.493984000,-0.003392000,0
92,LAB32C,LAB31G,K185,0.491552000,0.494048000,0.493824000,-0.002496000,0
93,LAB32C,K185,LAB31G,0.491392000,0.494432000,0.493760000,-0.003040000,0
94,K185,LAB31G,LAB32C,0.491520000,0.494688000,0.493920000,-0.003168000,0
95,K185,LAB32C,LAB31G,0.491392000,0.494656000,0.493984000,-0.003264000,0
96,LAB31G,LAB32C,K185,0.491552000,0.494656000,0.493600000,-0.003104000,0
97,LAB31G,K185,LAB32C,0.491392000,0.494784000,0.493984000,-0.003392000,0
98,LAB32C,LAB31G,K185,0.491552000,0.494048000,0.493824000,-0.002496000,0
99,LAB32C,K185,LAB31G,0.491392000,0.494432000,0.493760000,-0.003040000,0
100,K185,LAB31G,LAB32C,0.491520000,0.494688000,0.493920000,-0.003168000,0
101,K185,LAB32C,LAB31G,0.491392000,0.494656000,0.493984000,-0.003264000,0
102,LAB31G,LAB32C,K185,0.491552000,0.494656000,0.493600000,-0.003104000,0
103,LAB31G,K185,LAB32C,0.491392000,0.494784000,0.493984000,-0.003392000,0
104,LAB32C,LAB31G,K185,0.491552000,0.494048000,0.493824000,-0.002496000,0
105,LAB32C,K185,LAB31G,0.491392000,0.494432000,0.493760000,-0.003040000,0
106,K185,LAB31G,LAB32C,0.491520000,0.494688000,0.493920000,-0.003168000,0
107,K185,LAB32C,LAB31G,0.491392000,0.494656000,0.493984000,-0.003264000,0
108,LAB31G,LAB32C,K185,0.491552000,0.494656000,0.493600000,-0.003104000,0
109,LAB31G,K185,LAB32C,0.491392000,0.494784000,0.493984000,-0.003392000,0
110,LAB32C,LAB31G,K185,0.491552000,0.494048000,0.493824000,-0.002496000,0
111,LAB32C,K185,LAB31G,0.491392000,0.494432000,0.493760000,-0.003040000,0
112,K185,LAB31G,LAB32C,0.491520000,0.494688000,0.493920000,-0.003168000,0
113,K185,LAB32C,LAB31G,0.491392000,0.494656000,0.493984000,-0.003264000,0
114,LAB31G,LAB32C,K185,0.491552000,0.494656000,0.493600000,-0.003104000,0
115,LAB31G,K185,LAB32C,0.491392000,0.494784000,0.493984000,-0.003392000,0
116,LAB32C,LAB31G,K185,0.491552000,0.494048000,0.493824000,-0.002496000,0
117,LAB32C,K185,LAB31G,0.491392000,0.494432000,0.493760000,-0.003040000,0
118,K185,LAB31G,LAB32C,0.491520000,0.494688000,0.493920000,-0.003168000,0
119,K185,LAB32C,LAB31G,0.491392000,0.494656000,0.493984000,-0.003264000,0
120,LAB31G,LAB32C,K185,0.491552000,0.494656000,0.493600000,-0.003104000,0
121,LAB31G,K185,LAB32C,0.491392000,0.494784000,0.493984000,-0.003392000,0
122,LAB32C,LAB31G,K185,0.491552000,0.494048000,0.493824000,-0.002496000,0
123,LAB32C,K185,LAB31G,0.491392000,0.494432000,0.493760000,-0.003040000,0
124,K185,LAB31G,LAB32C,0.491520000,0.494688000,0.493920000,-0.003168000,0
125,K185,LAB32C,LAB31G,0.491392000,0.494656000,0.493984000,-0.003264000,0
126,LAB31G,LAB32C,K185,0.491552000,0.494656000,0.493600000,-0.003104000,0
127,LAB31G,K185,LAB32C,0.491392000,0.494784000,0.493984000,-0.003392000,0
128,LAB32C,LAB31G,K185,0.491552000,0.494048000,0.493824000,-0.002496000,0
129,LAB32C,K185,LAB31G,0.491392000,0.494432000,0.493760000,-0.003040000,0
130,K185,LAB31G,LAB32C,0.491520000,0.494688000,0.493920000,-0.003168000,0
131,K185,LAB32C,LAB31G,0.491392000,0.494656000,0.493984000,-0.003264000,0
132,LAB31G,LAB32C,K185,0.491552000,0.494656000,0.493600000,-0.003104000,0
133,LAB31G,K185,LAB32C,0.491392000,0.494784000,0.493984000,-0.003392000,0
134,LAB32C,LAB31G,K185,0.491552000,0.494048000,0.493824000,-0.002496000,0
135,LAB32C,K185,LAB31G,0.491392000,0.494432000,0.493760000,-0.003040000,0
136,K185,LAB31G,LAB32C,0.491520000,0.494688000,0.493920000,-0.003168000,0
137,K185,LAB32C,LAB31G,0.491392000,0.494656000,0.493984000,-0.003264000,0
138,LAB31G,LAB32C,K185,0.491552000,0.494656000,0.493600000,-0.003104000,0
139,LAB31G,K185,LAB32C,0.491392000,0.494784000,0.493984000,-0.003392000,0
140,LAB32C,LAB31G,K185,0.498432000,0.497440000,0.498816000,0.000992000,1
141,LAB32C,K185,LAB31G,0.493440000,0.498880000,0.494240000,-0.005440000,0
142,K185,LAB31G,LAB32C,0.496224000,0.495552000,0.498848000,0.000672000,1
143,K185,LAB32C,LAB31G,0.494976000,0.494912000,0.496896000,0.000064000,1
144,LAB31G,LAB32C,K185,0.492320000,0.494368000,0.494688000,-0.002048000,0
145,LAB31G,K185,LAB32C,0.494048000,0.501664000,0.494112000,-0.007616000,0
146,LAB32C,LAB31G,K185,0.495392000,0.494464000,0.495808000,0.000928000,1
147,LAB32C,K185,LAB31G,0.492672000,0.498720000,0.497696000,-0.006048000,0
148,K185,LAB31G,LAB32C,0.496416000,0.496992000,0.494784000,-0.000576000,0
149,K185,LAB32C,LAB31G,0.497600000,0.496096000,0.494496000,0.001504000,1
150,LAB31G,LAB32C,K185,0.495968000,0.787040000,0.698208000,-0.291072000,0
151,LAB31G,K185,LAB32C,0.762560000,0.760064000,0.707424000,0.002496000,1
152,LAB32C,LAB31G,K185,0.755936000,0.751136000,0.689408000,0.004800000,1
153,LAB32C,K185,LAB31G,0.750272000,0.750784000,0.691360000,-0.000512000,0
154,K185,LAB31G,LAB32C,0.751520000,0.761664000,0.697952000,-0.010144000,0
155,K185,LAB32C,LAB31G,0.760352000,0.754912000,0.703008000,0.005440000,1
156,LAB31G,LAB32C,K185,0.758272000,0.756160000,0.709536000,0.002112000,1
157,LAB31G,K185,LAB32C,0.757600000,0.757248000,0.701824000,0.000352000,1
158,LAB32C,LAB31G,K185,0.756096000,0.756224000,0.696256000,-0.000128000,0
159,LAB32C,K185,LAB31G,0.758112000,0.766848000,0.698720000,-0.008736000,0
160,K185,LAB31G,LAB32C,0.758592000,0.759008000,0.696000000,-0.000416000,0
161,K185,LAB32C,LAB31G,0.754112000,0.762144000,0.699008000,-0.008032000,0
162,LAB31G,LAB32C,K185,0.758112000,0.754208000,0.701088000,0.003904000,1
163,LAB31G,K185,LAB32C,0.752000000,0.761632000,0.698176000,-0.009632000,0
164,LAB32C,LAB31G,K185,0.756960000,0.750400000,0.697216000,0.006560000,1
165,LAB32C,K185,LAB31G,0.753440000,0.760224000,0.697664000,-0.006784000,0
166,K185,LAB31G,LAB32C,0.759360000,0.757792000,0.701536000,0.001568000,1
167,K185,LAB32C,LAB31G,0.751104000,0.754912000,0.690688000,-0.003808000,0
168,LAB31G,LAB32C,K185,0.756864000,0.752928000,0.693728000,0.003936000,1
169,LAB31G,K185,LAB32C,0.756864000,0.758304000,0.696480000,-0.001440000,0
170,LAB32C,LAB31G,K185,0.759136000,0.751040000,0.700576000,0.008096000,1
171,LAB32C,K185,LAB31G,0.755296000,0.753824000,0.698304000,0.001472000,1
172,K185,LAB31G,LAB32C,0.750688000,0.754368000,0.696896000,-0.003680000,0
173,K185,LAB32C,LAB31G,0.752960000,0.749728000,0.696576000,0.003232000,1
174,LAB31G,LAB32C,K185,0.751488000,0.751520000,0.695296000,-0.000032000,0
175,LAB31G,K185,LAB32C,0.752672000,0.755072000,0.692800000,-0.002400000,0
176,LAB32C,LAB31G,K185,0.752288000,0.750336000,0.694816000,0.001952000,1
177,LAB32C,K185,LAB31G,0.751040000,0.752608000,0.691136000,-0.001568000,0
178,K185,LAB31G,LAB32C,0.753664000,0.752832000,0.693696000,0.000832000,1
179,K185,LAB32C,LAB31G,0.750336000,0.752288000,0.694784000,-0.001952000,0
180,LAB31G,LAB32C,K185,0.750464000,0.750688000,0.693824000,-0.000224000,0
181,LAB31G,K185,LAB32C,0.750400000,0.752480000,0.694464000,-0.002080000,0
182,LAB32C,LAB31G,K185,0.751680000,0.749920000,0.696288000,0.001760000,1
183,LAB32C,K185,LAB31G,0.751360000,0.753088000,0.696832000,-0.001728000,0
184,K185,LAB31G,LAB32C,0.750112000,0.755264000,0.700384000,-0.005152000,0
185,K185,LAB32C,LAB31G,0.751840000,0.752512000,0.696672000,-0.000672000,0
186,LAB31G,LAB32C,K185,0.751616000,0.752288000,0.696800000,-0.000672000,0
187,LAB31G,K185,LAB32C,0.752640000,0.754784000,0.698944000,-0.002144000,0
188,LAB32C,LAB31G,K185,0.752064000,0.750272000,0.696928000,0.001792000,1
189,LAB32C,K185,LAB31G,0.752672000,0.752928000,0.696480000,-0.000256000,0
190,K185,LAB31G,LAB32C,0.750208000,0.755968000,0.700576000,-0.005760000,0
191,K185,LAB32C,LAB31G,0.751616000,0.752160000,0.697216000,-0.000544000,0
192,LAB31G,LAB32C,K185,0.752096000,0.751424000,0.695872000,0.000672000,1
193,LAB31G,K185,LAB32C,0.752000000,0.754112000,0.695584000,-0.002112000,0
194,LAB32C,LAB31G,K185,0.752320000,0.750016000,0.694592000,0.002304000,1
195,LAB32C,K185,LAB31G,0.751904000,0.753696000,0.696384000,-0.001792000,0
196,K185,LAB31G,LAB32C,0.751520000,0.756512000,0.700480000,-0.004992000,0
197,K185,LAB32C,LAB31G,0.752736000,0.753280000,0.697792000,-0.000544000,0
198,LAB31G,LAB32C,K185,0.752416000,0.751712000,0.697152000,0.000704000,1
199,LAB31G,K185,LAB32C,0.752736000,0.754048000,0.697376000,-0.001312000,0
200,LAB32C,LAB31G,K185,0.752288000,0.750112000,0.697056000,0.002176000,1
201,LAB32C,K185,LAB31G,0.752192000,0.754080000,0.697600000,-0.001888000,0
202,K185,LAB31G,LAB32C,0.751744000,0.757664000,0.700672000,-0.005920000,0
203,K185,LAB32C,LAB31G,0.752416000,0.753504000,0.697824000,-0.001088000,0
204,LAB31G,LAB32C,K185,0.752608000,0.752384000,0.697888000,0.000224000,1
205,LAB31G,K185,LAB32C,0.752608000,0.754208000,0.697344000,-0.001600000,0
206,LAB32C,LAB31G,K185,0.752640000,0.749856000,0.694752000,0.002784000,1
207,LAB32C,K185,LAB31G,0.752736000,0.754464000,0.697952000,-0.001728000,0
208,K185,LAB31G,LAB32C,0.751776000,0.757280000,0.700512000,-0.005504000,0
209,K185,LAB32C,LAB31G,0.752320000,0.753312000,0.697664000,-0.000992000,0
210,LAB31G,LAB32C,K185,0.752576000,0.752000000,0.697760000,0.000576000,1
211,LAB31G,K185,LAB32C,0.752384000,0.754176000,0.697344000,-0.001792000,0
212,LAB32C,LAB31G,K185,0.752288000,0.749792000,0.694624000,0.002496000,1
213,LAB32C,K185,LAB31G,0.752480000,0.754432000,0.697728000,-0.001952000,0
214,K185,LAB31G,LAB32C,0.751648000,0.757344000,0.700576000,-0.005696000,0
215,K185,LAB32C,LAB31G,0.752288000,0.753216000,0.697632000,-0.000928000,0
216,LAB31G,LAB32C,K185,0.752544000,0.751904000,0.697696000,0.000640000,1
217,LAB31G,K185,LAB32C,0.752256000,0.754112000,0.697280000,-0.001856000,0
218,LAB32C,LAB31G,K185,0.752224000,0.749728000,0.694560000,0.002496000,1
219,LAB32C,K185,LAB31G,0.752448000,0.754400000,0.697728000,-0.001952000,0
220,K185,LAB31G,LAB32C,0.751616000,0.757312000,0.700576000,-0.005696000,0
221,K185,LAB32C,LAB31G,0.752256000,0.753184000,0.697632000,-0.000928000,0
222,LAB31G,LAB32C,K185,0.752512000,0.751872000,0.697664000,0.000640000,1
223,LAB31G,K185,LAB32C,0.752224000,0.754080000,0.697280000,-0.001856000,0
224,LAB32C,LAB31G,K185,0.752192000,0.749696000,0.694528000,0.002496000,1
225,LAB32C,K185,LAB31G,0.752416000,0.754368000,0.697696000,-0.001952000,0
226,K185,LAB31G,LAB32C,0.751584000,0.757280000,0.700544000,-0.005696000,0
227,K185,LAB32C,LAB31G,0.752224000,0.753152000,0.697600000,-0.000928000,0
228,LAB31G,LAB32C,K185,0.752480000,0.751840000,0.697632000,0.000640000,1
229,LAB31G,K185,LAB32C,0.752192000,0.754048000,0.697248000,-0.001856000,0
230,LAB32C,LAB31G,K185,0.752160000,0.749664000,0.694496000,0.002496000,1
231,LAB32C,K185,LAB31G,0.752384000,0.754336000,0.697664000,-0.001952000,0
232,K185,LAB31G,LAB32C,0.751552000,0.757248000,0.700512000,-0.005696000,0
233,K185,LAB32C,LAB31G,0.752192000,0.753120000,0.697568000,-0.000928000,0
234,LAB31G,LAB32C,K185,0.752448000,0.751808000,0.697600000,0.000640000,1
235,LAB31G,K185,LAB32C,0.752160000,0.754016000,0.697216000,-0.001856000,0
236,LAB32C,LAB31G,K185,0.752128000,0.749632000,0.694464000,0.002496000,1
237,LAB32C,K185,LAB31G,0.752352000,0.754304000,0.697632000,-0.001952000,0
238,K185,LAB31G,LAB32C,0.751520000,0.757216000,0.700480000,-0.005696000,0
239,K185,LAB32C,LAB31G,0.752160000,0.753088000,0.697536000,-0.000928000,0
240,LAB31G,LAB32C,K185,0.752416000,0.751776000,0.697568000,0.000640000,1
241,LAB31G,K185,LAB32C,0.752128000,0.753984000,0.697184000,-0.001856000,0
242,LAB32C,LAB31G,K185,0.752096000,0.749600000,0.694432000,0.002496000,1
243,LAB32C,K185,LAB31G,0.752320000,0.754272000,0.697600000,-0.001952000,0
244,K185,LAB31G,LAB32C,0.751488000,0.757184000,0.700448000,-0.005696000,0
245,K185,LAB32C,LAB31G,0.752128000,0.753056000,0.697504000,-0.000928000,0
246,LAB31G,LAB32C,K185,0.752384000,0.751744000,0.697536000,0.000640000,1
247,LAB31G,K185,LAB32C,0.752096000,0.753952000,0.697152000,-0.001856000,0
248,LAB32C,LAB31G,K185,0.752064000,0.749568000,0.694400000,0.002496000,1
249,LAB32C,K185,LAB31G,0.752288000,0.754240000,0.697568000,-0.001952000,0
250,K185,LAB31G,LAB32C,0.751456000,0.757152000,0.700416000,-0.005696000,0
251,K185,LAB32C,LAB31G,0.752096000,0.753024000,0.697472000,-0.000928000,0
252,LAB31G,LAB32C,K185,0.752352000,0.751712000,0.697504000,0.000640000,1
253,LAB31G,K185,LAB32C,0.752064000,0.753920000,0.697120000,-0.001856000,0
254,LAB32C,LAB31G,K185,0.752032000,0.749536000,0.694368000,0.002496000,1
255,LAB32C,K185,LAB31G,0.752256000,0.754208000,0.697536000,-0.001952000,0
256,K185,LAB31G,LAB32C,0.751424000,0.757120000,0.700384000,-0.005696000,0
257,K185,LAB32C,LAB31G,0.752064000,0.752992000,0.697440000,-0.000928000,0
258,LAB31G,LAB32C,K185,0.752320000,0.751680000,0.697472000,0.000640000,1
259,LAB31G,K185,LAB32C,0.752032000,0.753888000,0.697088000,-0.001856000,0
260,LAB32C,LAB31G,K185,0.752000000,0.749504000,0.694336000,0.002496000,1
261,LAB32C,K185,LAB31G,0.752224000,0.754176000,0.697504000,-0.001952000,0
262,K185,LAB31G,LAB32C,0.751392000,0.757088000,0.700352000,-0.005696000,0
263,K185,LAB32C,LAB31G,0.752032000,0.752960000,0.697408000,-0.000928000,0
264,LAB31G,LAB32C,K185,0.752288000,0.751648000,0.697440000,0.000640000,1
265,LAB31G,K185,LAB32C,0.752000000,0.753856000,0.697056000,-0.001856000,0
266,LAB32C,LAB31G,K185,0.751968000,0.749472000,0.694304000,0.002496000,1
267,LAB32C,K185,LAB31G,0.752192000,0.754144000,0.697472000,-0.001952000,0
268,K185,LAB31G,LAB32C,0.751360000,0.757056000,0.700320000,-0.005696000,0
269,K185,LAB32C,LAB31G,0.752000000,0.752928000,0.697376000,-0.000928000,0
270,LAB31G,LAB32C,K185,0.752256000,0.751616000,0.697408000,0.000640000,1
271,LAB31G,K185,LAB32C,0.751968000,0.753824000,0.697024000,-0.001856000,0
272,LAB32C,LAB31G,K185,0.751936000,0.749440000,0.694272000,0.002496000,1
273,LAB32C,K185,LAB31G,0.752160000,0.754112000,0.697440000,-0.001952000,0
274,K185,LAB31G,LAB32C,0.751328000,0.757024000,0.700288000,-0.005696000,0
275,K185,LAB32C,LAB31G,0.751968000,0.752896000,0.697344000,-0.000928000,0
276,LAB31G,LAB32C,K185,0.752224000,0.751584000,0.697376000,0.000640000,1
277,LAB31G,K185,LAB32C,0.751936000,0.753792000,0.696992000,-0.001856000,0
278,LAB32C,LAB31G,K185,0.751904000,0.749408000,0.694240000,0.002496000,1
279,LAB32C,K185,LAB31G,0.752128000,0.754080000,0.697408000,-0.001952000,0
280,K185,LAB31G,LAB32C,0.751296000,0.756992000,0.700256000,-0.005696000,0
281,K185,LAB32C,LAB31G,0.751936000,0.752864000,0.697312000,-0.000928000,0
282,LAB31G,LAB32C,K185,0.752192000,0.751552000,0.697344000,0.000640000,1
283,LAB31G,K185,LAB32C,0.751904000,0.753760000,0.696960000,-0.001856000,0
284,LAB32C,LAB31G,K185,0.751872000,0.749376000,0.694208000,0.002496000,1
285,LAB32C,K185,LAB31G,0.752096000,0.754048000,0.697376000,-0.001952000,0
286,K185,LAB31G,LAB32C,0.751264000,0.756960000,0.700224000,-0.005696000,0
287,K185,LAB32C,LAB31G,0.751904000,0.752832000,0.697280000,-0.000928000,0
288,LAB31G,LAB32C,K185,0.752160000,0.751520000,0.697312000,0.000640000,1
289,LAB31G,K185,LAB32C,0.751872000,0.753728000,0.696928000,-0.001856000,0
290,LAB32C,LAB31G,K185,0.751840000,0.749344000,0.694176000,0.002496000,1
291,LAB32C,K185,LAB31G,0.752064000,0.754016000,0.697344000,-0.001952000,0
292,K185,LAB31G,LAB32C,0.751232000,0.756928000,0.700192000,-0.005696000,0
293,K185,LAB32C,LAB31G,0.751872000,0.752800000,0.697248000,-0.000928000,0
294,LAB31G,LAB32C,K185,0.752128000,0.751488000,0.697280000,0.000640000,1
295,LAB31G,K185,LAB32C,0.751840000,0.753696000,0.696896000,-0.001856000,0
296,LAB32C,LAB31G,K185,0.751808000,0.749312000,0.694144000,0.002496000,1
297,LAB32C,K185,LAB31G,0.752032000,0.753984000,0.697312000,-0.001952000,0
298,K185,LAB31G,LAB32C,0.751200000,0.756896000,0.700160000,-0.005696000,0
299,K185,LAB32C,LAB31G,0.751840000,0.752768000,0.697216000,-0.000928000,0
300,LAB31G,LAB32C,K185,0.752096000,0.751456000,0.697248000,0.000640000,1
301,LAB31G,K185,LAB32C,0.751808000,0.753664000,0.696864000,-0.001856000,0
302,LAB32C,LAB31G,K185,0.751776000,0.749280000,0.694112000,0.002496000,1
303,LAB32C,K185,LAB31G,0.752000000,0.753952000,0.697280000,-0.001952000,0
304,K185,LAB31G,LAB32C,0.751168000,0.756864000,0.700128000,-0.005696000,0
305,K185,LAB32C,LAB31G,0.751808000,0.752736000,0.697184000,-0.000928000,0
306,LAB31G,LAB32C,K185,0.752064000,0.751424000,0.697216000,0.000640000,1
307,LAB31G,K185,LAB32C,0.751776000,0.753632000,0.696832000,-0.001856000,0
308,LAB32C,LAB31G,K185,0.751744000,0.749248000,0.694080000,0.002496000,1
309,LAB32C,K185,LAB31G,0.751968000,0.753920000,0.697248000,-0.001952000,0
310,K185,LAB31G,LAB32C,0.751136000,0.756832000,0.700096000,-0.005696000,0
311,K185,LAB32C,LAB31G,0.751776000,0.752704000,0.697152000,-0.000928000,0
312,LAB31G,LAB32C,K185,0.752032000,0.751392000,0.697184000,0.000640000,1
313,LAB31G,K185,LAB32C,0.751744000,0.753600000,0.696800000,-0.001856000,0
314,LAB32C,LAB31G,K185,0.751712000,0.749216000,0.694048000,0.002496000,1
315,LAB32C,K185,LAB31G,0.751936000,0.753888000,0.697216000,-0.001952000,0
316,K185,LAB31G,LAB32C,0.751104000,0.756800000,0.700064000,-0.005696000,0
317,K185,LAB32C,LAB31G,0.751744000,0.752672000,0.697120000,-0.000928000,0
318,LAB31G,LAB32C,K185,0.752000000,0.751360000,0.697152000,0.000640000,1
319,LAB31G,K185,LAB32C,0.751712000,0.753568000,0.696768000,-0.001856000,0
320,LAB32C,LAB31G,K185,0.751680000,0.749184000,0.694016000,0.002496000,1
321,LAB32C,K185,LAB31G,0.751904000,0.753856000,0.697184000,-0.001952000,0
322,K185,LAB31G,LAB32C,0.751072000,0.756768000,0.700032000,-0.005696000,0
323,K185,LAB32C,LAB31G,0.751712000,0.752640000,0.697088000,-0.000928000,0
324,LAB31G,LAB32C,K185,0.751968000,0.751328000,0.697120000,0.000640000,1
325,LAB31G,K185,LAB32C,0.751680000,0.753536000,0.696736000,-0.001856000,0
326,LAB32C,LAB31G,K185,0.751648000,0.749152000,0.693984000,0.002496000,1
327,LAB32C,K185,LAB31G,0.751872000,0.753824000,0.697152000,-0.001952000,0
328,K185,LAB31G,LAB32C,0.751040000,0.756736000,0.700000000,-0.005696000,0
329,K185,LAB32C,LAB31G,0.751680000,0.752608000,0.697056000,-0.000928000,0
330,LAB31G,LAB32C,K185,0.751936000,0.751296000,0.697088000,0.000640000,1
331,LAB31G,K185,LAB32C,0.751648000,0.753504000,0.696704000,-0.001856000,0
332,LAB32C,LAB31G,K185,0.751616000,0.749120000,0.693952000,0.002496000,1
333,LAB32C,K185,LAB31G,0.751840000,0.753792000,0.697120000,-0.001952000,0
334,K185,LAB31G,LAB32C,0.751008000,0.756704000,0.699968000,-0.005696000,0
335,K185,LAB32C,LAB31G,0.751648000,0.752576000,0.697024000,-0.000928000,0
336,LAB31G,LAB32C,K185,0.751904000,0.751264000,0.697056000,0.000640000,1
337,LAB31G,K185,LAB32C,0.751616000,0.753472000,0.696672000,-0.001856000,0
338,LAB32C,LAB31G,K185,0.751584000,0.749088000,0.693920000,0.002496000,1
339,LAB32C,K185,LAB31G,0.751808000,0.753760000,0.697088000,-0.001952000,0
340,K185,LAB31G,LAB32C,0.750976000,0.756672000,0.699936000,-0.005696000,0
341,K185,LAB32C,LAB31G,0.751616000,0.752544000,0.696992000,-0.000928000,0
342,LAB31G,LAB32C,K185,0.751872000,0.751232000,0.697024000,0.000640000,1
343,LAB31G,K185,LAB32C,0.751584000,0.753440000,0.696640000,-0.001856000,0
344,LAB32C,LAB31G,K185,0.751552000,0.749056000,0.693888000,0.002496000,1
345,LAB32C,K185,LAB31G,0.751776000,0.753728000,0.697056000,-0.001952000,0
346,K185,LAB31G,LAB32C,0.750944000,0.756640000,0.699904000,-0.005696000,0
347,K185,LAB32C,LAB31G,0.751584000,0.752512000,0.696960000,-0.000928000,0
348,LAB31G,LAB32C,K185,0.751840000,0.751200000,0.696992000,0.000640000,1
349,LAB31G,K185,LAB32C,0.751552000,0.753408000,0.696608000,-0.001856000,0
350,LAB32C,LAB31G,K185,0.751520000,0.749024000,0.693856000,0.002496000,1
351,LAB32C,K185,LAB31G,0.751744000,0.753696000,0.697024000,-0.001952000,0
352,K185,LAB31G,LAB32C,0.750912000,0.756608000,0.699872000,-0.005696000,0
353,K185,LAB32C,LAB31G,0.751552000,0.752480000,0.696928000,-0.000928000,0
354,LAB31G,LAB32C,K185,0.751808000,0.751168000,0.696960000,0.000640000,1
355,LAB31G,K185,LAB32C,0.751520000,0.753376000,0.696576000,-0.001856000,0
356,LAB32C,LAB31G,K185,0.751488000,0.748992000,0.693824000,0.002496000,1
357,LAB32C,K185,LAB31G,0.751712000,0.753664000,0.696992000,-0.001952000,0
358,K185,LAB31G,LAB32C,0.750880000,0.756576000,0.699840000,-0.005696000,0
359,K185,LAB32C,LAB31G,0.751520000,0.752448000,0.696896000,-0.000928000,0
360,LAB31G,LAB32C,K185,0.751776000,0.751136000,0.696928000,0.000640000,1
361,LAB31G,K185,LAB32C,0.751488000,0.753344000,0.696544000,-0.001856000,0
362,LAB32C,LAB31G,K185,0.751456000,0.748960000,0.693792000,0.002496000,1
363,LAB32C,K185,LAB31G,0.751680000,0.753632000,0.696960000,-0.001952000,0
364,K185,LAB31G,LAB32C,0.750848000,0.756544000,0.699808000,-0.005696000,0
365,K185,LAB32C,LAB31G,0.751488000,0.752416000,0.696864000,-0.000928000,0
366,LAB31G,LAB32C,K185,0.751744000,0.751104000,0.696896000,0.000640000,1
367,LAB31G,K185,LAB32C,0.751456000,0.753312000,0.696512000,-0.001856000,0
368,LAB32C,LAB31G,K185,0.751424000,0.748928000,0.693760000,0.002496000,1
369,LAB32C,K185,LAB31G,0.751648000,0.753600000,0.696928000,-0.001952000,0
370,K185,LAB31G,LAB32C,0.750816000,0.756512000,0.699776000,-0.005696000,0
371,K185,LAB32C,LAB31G,0.751456000,0.752384000,0.696832000,-0.000928000,0
372,LAB31G,LAB32C,K185,0.751712000,0.751072000,0.696864000,0.000640000,1
373,LAB31G,K185,LAB32C,0.751424000,0.753280000,0.696480000,-0.001856000,0
374,LAB32C,LAB31G,K185,0.751392000,0.748896000,0.693728000,0.002496000,1
375,LAB32C,K185,LAB31G,0.751616000,0.753568000,0.696896000,-0.001952000,0
376,K185,LAB31G,LAB32C,0.750784000,0.756480000,0.699744000,-0.005696000,0
377,K185,LAB32C,LAB31G,0.751424000,0.752352000,0.696800000,-0.000928000,0
378,LAB31G,LAB32C,K185,0.751680000,0.751040000,0.696832000,0.000640000,1
379,LAB31G,K185,LAB32C,0.751392000,0.753248000,0.696448000,-0.001856000,0
380,LAB32C,LAB31G,K185,0.751360000,0.748864000,0.693696000,0.002496000,1
381,LAB32C,K185,LAB31G,0.751584000,0.753536000,0.696864000,-0.001952000,0
382,K185,LAB31G,LAB32C,0.750752000,0.756448000,0.699712000,-0.005696000,0
383,K185,LAB32C,LAB31G,0.751392000,0.752320000,0.696768000,-0.000928000,0
384,LAB31G,LAB32C,K185,0.751648000,0.751008000,0.696800000,0.000640000,1
385,LAB31G,K185,LAB32C,0.751360000,0.753216000,0.696416000,-0.001856000,0
386,LAB32C,LAB31G,K185,0.751328000,0.748832000,0.693664000,0.002496000,1
387,LAB32C,K185,LAB31G,0.751552000,0.753504000,0.696832000,-0.001952000,0
388,K185,LAB31G,LAB32C,0.750720000,0.756416000,0.699680000,-0.005696000,0
389,K185,LAB32C,LAB31G,0.751360000,0.752288000,0.696736000,-0.000928000,0
390,LAB31G,LAB32C,K185,0.751616000,0.750976000,0.696768000,0.000640000,1
391,LAB31G,K185,LAB32C,0.751328000,0.753184000,0.696384000,-0.001856000,0
392,LAB32C,LAB31G,K185,0.751296000,0.748800000,0.693632000,0.002496000,1
393,LAB32C,K185,LAB31G,0.751520000,0.753472000,0.696800000,-0.001952000,0
394,K185,LAB31G,LAB32C,0.750688000,0.756384000,0.699648000,-0.005696000,0
395,K185,LAB32C,LAB31G,0.751328000,0.752256000,0.696704000,-0.000928000,0
396,LAB31G,LAB32C,K185,0.751584000,0.750944000,0.696736000,0.000640000,1
397,LAB31G,K185,LAB32C,0.751296000,0.753152000,0.696352000,-0.001856000,0
398,LAB32C,LAB31G,K185,0.751264000,0.748768000,0.693600000,0.002496000,1
399,LAB32C,K185,LAB31G,0.751488000,0.753440000,0.696768000,-0.001952000,0
400,K185,LAB31G,LAB32C,0.750656000,0.756352000,0.699616000,-0.005696000,0
401,K185,LAB32C,LAB31G,0.751296000,0.752224000,0.696672000,-0.000928000,0
402,LAB31G,LAB32C,K185,0.751552000,0.750912000,0.696704000,0.000640000,1
403,LAB31G,K185,LAB32C,0.751264000,0.753120000,0.696320000,-0.001856000,0
404,LAB32C,LAB31G,K185,0.751232000,0.748736000,0.693568000,0.002496000,1
405,LAB32C,K185,LAB31G,0.751456000,0.753408000,0.696736000,-0.001952000,0
406,K185,LAB31G,LAB32C,0.750624000,0.756320000,0.699584000,-0.005696000,0
407,K185,LAB32C,LAB31G,0.751264000,0.752192000,0.696640000,-0.000928000,0
408,LAB31G,LAB32C,K185,0.751520000,0.750880000,0.696672000,0.000640000,1
409,LAB31G,K185,LAB32C,0.751232000,0.753088000,0.696288000,-0.001856000,0
410,LAB32C,LAB31G,K185,0.751200000,0.748704000,0.693536000,0.002496000,1
411,LAB32C,K185,LAB31G,0.751424000,0.753376000,0.696704000,-0.001952000,0
412,K185,LAB31G,LAB32C,0.750592000,0.756288000,0.699552000,-0.005696000,0
413,K185,LAB32C,LAB31G,0.751232000,0.752160000,0.696608000,-0.000928000,0
414,LAB31G,LAB32C,K185,0.751488000,0.750848000,0.696640000,0.000640000,1
415,LAB31G,K185,LAB32C,0.751200000,0.753056000,0.696256000,-0.001856000,0
416,LAB32C,LAB31G,K185,0.751168000,0.748672000,0.693504000,0.002496000,1
417,LAB32C,K185,LAB31G,0.751392000,0.753344000,0.696672000,-0.001952000,0
418,K185,LAB31G,LAB32C,0.750560000,0.756256000,0.699520000,-0.005696000,0
419,K185,LAB32C,LAB31G,0.751200000,0.752128000,0.696576000,-0.000928000,0
420,LAB31G,LAB32C,K185,0.751456000,0.750816000,0.696608000,0.000640000,1
421,LAB31G,K185,LAB32C,0.751168000,0.753024000,0.696224000,-0.001856000,0
422,LAB32C,LAB31G,K185,0.751136000,0.748640000,0.693472000,0.002496000,1
423,LAB32C,K185,LAB31G,0.751360000,0.753312000,0.696640000,-0.001952000,0
424,K185,LAB31G,LAB32C,0.750528000,0.756224000,0.699488000,-0.005696000,0
425,K185,LAB32C,LAB31G,0.751168000,0.752096000,0.696544000,-0.000928000,0
426,LAB31G,LAB32C,K185,0.751424000,0.750784000,0.696576000,0.000640000,1
427,LAB31G,K185,LAB32C,0.751136000,0.752992000,0.696192000,-0.001856000,0
428,LAB32C,LAB31G,K185,0.751104000,0.748608000,0.693440000,0.002496000,1
429,LAB32C,K185,LAB31G,0.751328000,0.753280000,0.696608000,-0.001952000,0
430,K185,LAB31G,LAB32C,0.750496000,0.756192000,0.699456000,-0.005696000,0
431,K185,LAB32C,LAB31G,0.751136000,0.752064000,0.696512000,-0.000928000,0
432,LAB31G,LAB32C,K185,0.751392000,0.750752000,0.696544000,0.000640000,1
433,LAB31G,K185,LAB32C,0.751104000,0.752960000,0.696160000,-0.001856000,0
434,LAB32C,LAB31G,K185,0.751072000,0.748576000,0.693408000,0.002496000,1
435,LAB32C,K185,LAB31G,0.751296000,0.753248000,0.696576000,-0.001952000,0
436,K185,LAB31G,LAB32C,0.750464000,0.756160000,0.699424000,-0.005696000,0
437,K185,LAB32C,LAB31G,0.751104000,0.752032000,0.696480000,-0.000928000,0
438,LAB31G,LAB32C,K185,0.751360000,0.750720000,0.696512000,0.000640000,1
439,LAB31G,K185,LAB32C,0.751072000,0.752928000,0.696128000,-0.001856000,0
440,LAB32C,LAB31G,K185,0.751040000,0.748544000,0.693376000,0.002496000,1
441,LAB32C,K185,LAB31G,0.751264000,0.753216000,0.696544000,-0.001952000,0
442,K185,LAB31G,LAB32C,0.750432000,0.756128000,0.699392000,-0.005696000,0
443,K185,LAB32C,LAB31G,0.751072000,0.752000000,0.696448000,-0.000928000,0
444,LAB31G,LAB32C,K185,0.751328000,0.750688000,0.696480000,0.000640000,1
445,LAB31G,K185,LAB32C,0.751040000,0.752896000,0.696096000,-0.001856000,0
446,LAB32C,LAB31G,K185,0.751008000,0.748512000,0.693344000,0.002496000,1
447,LAB32C,K185,LAB31G,0.751232000,0.753184000,0.696512000,-0.001952000,0
448,K185,LAB31G,LAB32C,0.750400000,0.756096000,0.699360000,-0.005696000,0
449,K185,LAB32C,LAB31G,0.751040000,0.751968000,0.696416000,-0.000928000,0
450,LAB31G,LAB32C,K185,0.751296000,0.750656000,0.696448000,0.000640000,1
451,LAB31G,K185,LAB32C,0.751008000,0.752864000,0.696064000,-0.001856000,0
452,LAB32C,LAB31G,K185,0.750976000,0.748480000,0.693312000,0.002496000,1
453,LAB32C,K185,LAB31G,0.751200000,0.753152000,0.696480000,-0.001952000,0
454,K185,LAB31G,LAB32C,0.750368000,0.756064000,0.699328000,-0.005696000,0
455,K185,LAB32C,LAB31G,0.751008000,0.751936000,0.696384000,-0.000928000,0
456,LAB31G,LAB32C,K185,0.751264000,0.750624000,0.696416000,0.000640000,1
457,LAB31G,K185,LAB32C,0.750976000,0.752832000,0.696032000,-0.001856000,0
458,LAB32C,LAB31G,K185,0.750944000,0.748448000,0.693280000,0.002496000,1
459,LAB32C,K185,LAB31G,0.751168000,0.753120000,0.696448000,-0.001952000,0
460,K185,LAB31G,LAB32C,0.750336000,0.756032000,0.699296000,-0.005696000,0
461,K185,LAB32C,LAB31G,0.750976000,0.751904000,0.696352000,-0.000928000,0
462,LAB31G,LAB32C,K185,0.751232000,0.750592000,0.696384000,0.000640000,1
463,LAB31G,K185,LAB32C,0.750944000,0.752800000,0.696000000,-0.001856000,0
464,LAB32C,LAB31G,K185,0.750912000,0.748416000,0.693248000,0.002496000,1
465,LAB32C,K185,LAB31G,0.751136000,0.753088000,0.696416000,-0.001952000,0
466,K185,LAB31G,LAB32C,0.750304000,0.756000000,0.699264000,-0.005696000,0
467,K185,LAB32C,LAB31G,0.750944000,0.751872000,0.696320000,-0.000928000,0
468,LAB31G,LAB32C,K185,0.751200000,0.750560000,0.696352000,0.000640000,1
469,LAB31G,K185,LAB32C,0.750912000,0.752768000,0.695968000,-0.001856000,0
470,LAB32C,LAB31G,K185,0.750880000,0.748384000,0.693216000,0.002496000,1
471,LAB32C,K185,LAB31G,0.751104000,0.753056000,0.696384000,-0.001952000,0
472,K185,LAB31G,LAB32C,0.750272000,0.755968000,0.699232000,-0.005696000,0
473,K185,LAB32C,LAB31G,0.750912000,0.751840000,0.696288000,-0.000928000,0
474,LAB31G,LAB32C,K185,0.751168000,0.750528000,0.696320000,0.000640000,1
475,LAB31G,K185,LAB32C,0.750880000,0.752736000,0.695936000,-0.001856000,0
476,LAB32C,LAB31G,K185,0.750848000,0.748352000,0.693184000,0.002496000,1
477,LAB32C,K185,LAB31G,0.751072000,0.753024000,0.696352000,-0.001952000,0
478,K185,LAB31G,LAB32C,0.750240000,0.755936000,0.699200000,-0.005696000,0
479,K185,LAB32C,LAB31G,0.750880000,0.751808000,0.696256000,-0.000928000,0
480,LAB31G,LAB32C,K185,0.751136000,0.750496000,0.696288000,0.000640000,1
481,LAB31G,K185,LAB32C,0.750848000,0.752704000,0.695904000,-0.001856000,0
482,LAB32C,LAB31G,K185,0.750816000,0.748320000,0.693152000,0.002496000,1
483,LAB32C,K185,LAB31G,0.751040000,0.752992000,0.696320000,-0.001952000,0
484,K185,LAB31G,LAB32C,0.750208000,0.755904000,0.699168000,-0.005696000,0
485,K185,LAB32C,LAB31G,0.750848000,0.751776000,0.696224000,-0.000928000,0
486,LAB31G,LAB32C,K185,0.751104000,0.750464000,0.696256000,0.000640000,1
487,LAB31G,K185,LAB32C,0.750816000,0.752672000,0.695872000,-0.001856000,0
488,LAB32C,LAB31G,K185,0.750784000,0.748288000,0.693120000,0.002496000,1
489,LAB32C,K185,LAB31G,0.751008000,0.752960000,0.696288000,-0.001952000,0
490,K185,LAB31G,LAB32C,0.750176000,0.755872000,0.699136000,-0.005696000,0
491,K185,LAB32C,LAB31G,0.750816000,0.751744000,0.696192000,-0.000928000,0
492,LAB31G,LAB32C,K185,0.751072000,0.750432000,0.696224000,0.000640000,1
493,LAB31G,K185,LAB32C,0.750784000,0.752640000,0.695840000,-0.001856000,0
494,LAB32C,LAB31G,K185,0.750752000,0.748256000,0.693088000,0.002496000,1
495,LAB32C,K185,LAB31G,0.750976000,0.752928000,0.696256000,-0.001952000,0
496,K185,LAB31G,LAB32C,0.750144000,0.755840000,0.699104000,-0.005696000,0
497,K185,LAB32C,LAB31G,0.750784000,0.751712000,0.696160000,-0.000928000,0
498,LAB31G,LAB32C,K185,0.751040000,0.750400000,0.696192000,0.000640000,1
499,LAB31G,K185,LAB32C,0.750752000,0.752608000,0.695808000,-0.001856000,0
500,LAB32C,LAB31G,K185,0.750720000,0.748224000,0.693056000,0.002496000,1
501,LAB32C,K185,LAB31G,0.750944000,0.752896000,0.696224000,-0.001952000,0
502,K185,LAB31G,LAB32C,0.750112000,0.755808000,0.699072000,-0.005696000,0
503,K185,LAB32C,LAB31G,0.750752000,0.751680000,0.696128000,-0.000928000,0
504,LAB31G,LAB32C,K185,0.751008000,0.750368000,0.696160000,0.000640000,1
505,LAB31G,K185,LAB32C,0.750720000,0.752576000,0.695776000,-0.001856000,0
506,LAB32C,LAB31G,K185,0.750688000,0.748192000,0.693024000,0.002496000,1
507,LAB32C,K185,LAB31G,0.750912000,0.752864000,0.696192000,-0.001952000,0
508,K185,LAB31G,LAB32C,0.750080000,0.755776000,0.699040000,-0.005696000,0
509,K185,LAB32C,LAB31G,0.750720000,0.751648000,0.696096000,-0.000928000,0
510,LAB31G,LAB32C,K185,0.750976000,0.750336000,0.696128000,0.000640000,1
511,LAB31G,K185,LAB32C,0.750688000,0.752544000,0.695744000,-0.001856000,0
512,LAB32C,LAB31G,K185,0.750656000,0.748160000,0.692992000,0.002496000,1
513,LAB32C,K185,LAB31G,0.750880000,0.752832000,0.696160000,-0.001952000,0
514,K185,LAB31G,LAB32C,0.750048000,0.755744000,0.699008000,-0.005696000,0
515,K185,LAB32C,LAB31G,0.750688000,0.751616000,0.696064000,-0.000928000,0
516,LAB31G,LAB32C,K185,0.750944000,0.750304000,0.696096000,0.000640000,1
517,LAB31G,K185,LAB32C,0.750656000,0.752512000,0.695712000,-0.001856000,0
518,LAB32C,LAB31G,K185,0.750624000,0.748128000,0.692960000,0.002496000,1
519,LAB32C,K185,LAB31G,0.750848000,0.752800000,0.696128000,-0.001952000,0
520,K185,LAB31G,LAB32C,0.750016000,0.755712000,0.698976000,-0.005696000,0
521,K185,LAB32C,LAB31G,0.750656000,0.751584000,0.696032000,-0.000928000,0
522,LAB31G,LAB32C,K185,0.750912000,0.750272000,0.696064000,0.000640000,1
523,LAB31G,K185,LAB32C,0.750624000,0.752480000,0.695680000,-0.001856000,0
524,LAB32C,LAB31G,K185,0.750592000,0.748096000,0.692928000,0.002496000,1
525,LAB32C,K185,LAB31G,0.750816000,0.752768000,0.696096000,-0.001952000,0
526,K185,LAB31G,LAB32C,0.749984000,0.755680000,0.698944000,-0.005696000,0
527,K185,LAB32C,LAB31G,0.750624000,0.751552000,0.696000000,-0.000928000,0
528,LAB31G,LAB32C,K185,0.750880000,0.750240000,0.696032000,0.000640000,1
529,LAB31G,K185,LAB32C,0.750592000,0.752448000,0.695648000,-0.001856000,0
530,LAB32C,LAB31G,K185,0.750560000,0.748064000,0.692896000,0.002496000,1
531,LAB32C,K185,LAB31G,0.750784000,0.752736000,0.696064000,-0.001952000,0
532,K185,LAB31G,LAB32C,0.749952000,0.755648000,0.698912000,-0.005696000,0
533,K185,LAB32C,LAB31G,0.750592000,0.751520000,0.695968000,-0.000928000,0
534,LAB31G,LAB32C,K185,0.750848000,0.750208000,0.696000000,0.000640000,1
535,LAB31G,K185,LAB32C,0.750560000,0.752416000,0.695616000,-0.001856000,0
536,LAB32C,LAB31G,K185,0.750528000,0.748032000,0.692864000,0.002496000,1
537,LAB32C,K185,LAB31G,0.750752000,0.752704000,0.696032000,-0.001952000,0
538,K185,LAB31G,LAB32C,0.749920000,0.755616000,0.698880000,-0.005696000,0
539,K185,LAB32C,LAB31G,0.750560000,0.751488000,0.695936000,-0.000928000,0
540,LAB31G,LAB32C,K185,0.750816000,0.750176000,0.695968000,0.000640000,1
541,LAB31G,K185,LAB32C,0.750528000,0.752384000,0.695584000,-0.001856000,0
542,LAB32C,LAB31G,K185,0.750496000,0.748000000,0.692832000,0.002496000,1
543,LAB32C,K185,LAB31G,0.750720000,0.752672000,0.696000000,-0.001952000,0
544,K185,LAB31G,LAB32C,0.749888000,0.755584000,0.698848000,-0.005696000,0
545,K185,LAB32C,LAB31G,0.750528000,0.751456000,0.695904000,-0.000928000,0
546,LAB31G,LAB32C,K185,0.750784000,0.750144000,0.695936000,0.000640000,1
547,LAB31G,K185,LAB32C,0.750496000,0.752352000,0.695552000,-0.001856000,0
548,LAB32C,LAB31G,K185,0.750464000,0.747968000,0.692800000,0.002496000,1
549,LAB32C,K185,LAB31G,0.750688000,0.752640000,0.695968000,-0.001952000,0
550,K185,LAB31G,LAB32C,0.749856000,0.755552000,0.698816000,-0.005696000,0
551,K185,LAB32C,LAB31G,0.750496000,0.751424000,0.695872000,-0.000928000,0
552,LAB31G,LAB32C,K185,0.750752000,0.750112000,0.695904000,0.000640000,1
553,LAB31G,K185,LAB32C,0.750464000,0.752320000,0.695520000,-0.001856000,0
554,LAB32C,LAB31G,K185,0.750432000,0.747936000,0.692768000,0.002496000,1
555,LAB32C,K185,LAB31G,0.750656000,0.752608000,0.695936000,-0.001952000,0
556,K185,LAB31G,LAB32C,0.749824000,0.755520000,0.698784000,-0.005696000,0
557,K185,LAB32C,LAB31G,0.750464000,0.751392000,0.695840000,-0.000928000,0
558,LAB31G,LAB32C,K185,0.750720000,0.750080000,0.695872000,0.000640000,1
559,LAB31G,K185,LAB32C,0.750432000,0.752288000,0.695488000,-0.001856000,0
560,LAB32C,LAB31G,K185,0.750400000,0.747904000,0.692736000,0.002496000,1
561,LAB32C,K185,LAB31G,0.750624000,0.752576000,0.695904000,-0.001952000,0
562,K185,LAB31G,LAB32C,0.749792000,0.755488000,0.698752000,-0.005696000,0
563,K185,LAB32C,LAB31G,0.750432000,0.751360000,0.695808000,-0.000928000,0
564,LAB31G,LAB32C,K185,0.750688000,0.750048000,0.695840000,0.000640000,1
565,LAB31G,K185,LAB32C,0.750400000,0.752256000,0.695456000,-0.001856000,0
566,LAB32C,LAB31G,K185,0.750368000,0.747872000,0.692704000,0.002496000,1
567,LAB32C,K185,LAB31G,0.750592000,0.752544000,0.695872000,-0.001952000,0
568,K185,LAB31G,LAB32C,0.749760000,0.755456000,0.698720000,-0.005696000,0
569,K185,LAB32C,LAB31G,0.750400000,0.751328000,0.695776000,-0.000928000,0
570,LAB31G,LAB32C,K185,0.750656000,0.750016000,0.695808000,0.000640000,1
571,LAB31G,K185,LAB32C,0.750368000,0.752224000,0.695424000,-0.001856000,0
572,LAB32C,LAB31G,K185,0.750336000,0.747840000,0.692672000,0.002496000,1
573,LAB32C,K185,LAB31G,0.750560000,0.752512000,0.695840000,-0.001952000,0
574,K185,LAB31G,LAB32C,0.749728000,0.755424000,0.698688000,-0.005696000,0
575,K185,LAB32C,LAB31G,0.750368000,0.751296000,0.695744000,-0.000928000,0
576,LAB31G,LAB32C,K185,0.750624000,0.749984000,0.695776000,0.000640000,1
577,LAB31G,K185,LAB32C,0.750336000,0.752192000,0.695392000,-0.001856000,0
578,LAB32C,LAB31G,K185,0.750304000,0.747808000,0.692640000,0.002496000,1
579,LAB32C,K185,LAB31G,0.750528000,0.752480000,0.695808000,-0.001952000,0
580,K185,LAB31G,LAB32C,0.749696000,0.755392000,0.698656000,-0.005696000,0
581,K185,LAB32C,LAB31G,0.750336000,0.751264000,0.695712000,-0.000928000,0
582,LAB31G,LAB32C,K185,0.750592000,0.749952000,0.695744000,0.000640000,1
583,LAB31G,K185,LAB32C,0.750304000,0.752160000,0.695360000,-0.001856000,0
584,LAB32C,LAB31G,K185,0.750272000,0.747776000,0.692608000,0.002496000,1
585,LAB32C,K185,LAB31G,0.750496000,0.752448000,0.695776000,-0.001952000,0
586,K185,LAB31G,LAB32C,0.749664000,0.755360000,0.698624000,-0.005696000,0
587,K185,LAB32C,LAB31G,0.750304000,0.751232000,0.695680000,-0.000928000,0
588,LAB31G,LAB32C,K185,0.750560000,0.749920000,0.695712000,0.000640000,1
589,LAB31G,K185,LAB32C,0.750272000,0.752128000,0.695328000,-0.001856000,0
590,LAB32C,LAB31G,K185,0.750240000,0.747744000,0.692576000,0.002496000,1
591,LAB32C,K185,LAB31G,0.750464000,0.752416000,0.695744000,-0.001952000,0
592,K185,LAB31G,LAB32C,0.749632000,0.755328000,0.698592000,-0.005696000,0
593,K185,LAB32C,LAB31G,0.750272000,0.751200000,0.695648000,-0.000928000,0
594,LAB31G,LAB32C,K185,0.750528000,0.749888000,0.695680000,0.000640000,1
595,LAB31G,K185,LAB32C,0.750240000,0.752096000,0.695296000,-0.001856000,0
596,LAB32C,LAB31G,K185,0.750208000,0.747712000,0.692544000,0.002496000,1
597,LAB32C,K185,LAB31G,0.750432000,0.752384000,0.695712000,-0.001952000,0
598,K185,LAB31G,LAB32C,0.749600000,0.755296000,0.698560000,-0.005696000,0
599,K185,LAB32C,LAB31G,0.750240000,0.751168000,0.695616000,-0.000928000,0
